GameID,Minute,PlayerIn,PlayerOut,Team
2217251,55,André Ramalho,Franz Schiemer,RB Salzburg
2217251,63,Marcel Sabitzer,Stefan Ilsanker,RB Salzburg
2217251,75,Peter Ankersen,Christian Schwegler,RB Salzburg
2217251,57,Dominik Wydra,Stefan Schwab,Rapid Wien
2217251,66,Philipp Schobesberger,Lukas Grozurek,Rapid Wien
2217251,76,Robert Berić,Louis Schaub,Rapid Wien
2217252,58,Patrick Möschl,Clemens Walch,SV Ried
2217252,74,Julius Perstaller,Toni Vastić,SV Ried
2217252,84,Gernot Trauner,Denis Streker,SV Ried
2217252,67,Osman Ali,Matthias Koch,SC Wiener Neustadt
2217252,83,Daniel Schöpf,Herbert Rauter,SC Wiener Neustadt
2217252,88,Michael Tieber,Thomas Pichlmann,SC Wiener Neustadt
2217253,61,Issiaka Ouédraogo,René Schicker,FC Admira Wacker
2217253,66,Christoph Knasmüllner,Lukas Thürauer,FC Admira Wacker
2217253,77,Marvin Egho,Patrick Wessely,FC Admira Wacker
2217253,62,Christopher Wernitznig,René Seebacher,Wolfsberger AC
2217253,81,Silvio,Tadej Trdina,Wolfsberger AC
2217253,87,Dario Baldauf,Jacobo,Wolfsberger AC
2217254,78,Darijo Pecirep,Hannes Aigner,SCR Altach
2217254,80,Louis NGwat-Mahop,Patrick Seeger,SCR Altach
2217254,86,Boris Prokopič,Felix Roth,SCR Altach
2217254,65,Daniel Beichler,Simon Piesinger,Sturm Graz
2217254,76,Marc Andre Schmerböck,Florian Kainz,Sturm Graz
2217254,76,David Schloffer,Marko Stanković,Sturm Graz
2217255,51,Florian Mader,De Paula,Austria Wien
2217255,63,Ola Kamara,Alexander Grünwald,Austria Wien
2217255,69,Marco Meilinger,Roman Kienast,Austria Wien
2217255,71,Christoph Martschinko,Daniel Schütz,SV Grödig
2217255,84,Sandro Djuric,Sascha Boller,SV Grödig
2217255,90,Robert Völkl,Tomi,SV Grödig
2217257,66,Attila Simon,Tadej Trdina,Wolfsberger AC
2217257,77,René Seebacher,Christopher Wernitznig,Wolfsberger AC
2217257,85,Silvio,Peter Žulj,Wolfsberger AC
2217257,14,Christian Ramsebner,Alexander Grünwald,Austria Wien
2217257,54,Marco Meilinger,Daniel Royer,Austria Wien
2217257,77,Florian Mader,Alexander Gorgon,Austria Wien
2217256,70,Lukas Grozurek,Deni Alar,Rapid Wien
2217256,76,Stefan Schwab,Steffen Hofmann,Rapid Wien
2217256,83,Brian Behrendt,Dominik Wydra,Rapid Wien
2217256,60,Patrick Möschl,Clemens Walch,SV Ried
2217256,70,Julius Perstaller,Toni Vastić,SV Ried
2217256,82,Thomas Fröschl,Dieter Elsneg,SV Ried
2217258,46,Mario Ebenhofer,Matthias Koch,SC Wiener Neustadt
2217258,72,Julian Salamon,Herbert Rauter,SC Wiener Neustadt
2217258,80,Mario Pollhammer,Reinhold Ranftl,SC Wiener Neustadt
2217258,46,Naby Keïta,Alan,RB Salzburg
2217258,68,Massimo Bruno,Marcel Sabitzer,RB Salzburg
2217258,76,Nils Quaschner,Jonathan Soriano,RB Salzburg
2217260,46,Philipp Huspek,Daniel Schütz,SV Grödig
2217260,62,Christoph Martschinko,Robert Strobl,SV Grödig
2217260,79,Sandro Djuric,Matthias Maak,SV Grödig
2217260,36,Lukas Spendlhofer,Makhmadnaim Sharifi,Sturm Graz
2217260,79,Marc Andre Schmerböck,Marko Stanković,Sturm Graz
2217260,83,Josip Tadić,Daniel Beichler,Sturm Graz
2217259,46,Felix Roth,Daniel Luxbacher,SCR Altach
2217259,62,Louis NGwat-Mahop,Hannes Aigner,SCR Altach
2217259,62,Patrick Seeger,Ivan Kovačec,SCR Altach
2217259,46,Daniel Toth,Markus Lackner,FC Admira Wacker
2217259,46,Thomas Weber,Christoph Knasmüllner,FC Admira Wacker
2217259,75,Issiaka Ouédraogo,René Schicker,FC Admira Wacker
2217265,57,Markus Katzer,Lukas Thürauer,FC Admira Wacker
2217265,77,Marcus Maier,Markus Lackner,FC Admira Wacker
2217265,81,Eldis Bajrami,Thorsten Schick,FC Admira Wacker
2217265,59,Dominik Wydra,Stefan Schwab,Rapid Wien
2217265,77,Deni Alar,Florian Kainz,Rapid Wien
2217265,86,Philipp Prosenik,Louis Schaub,Rapid Wien
2217262,54,Florian Mader,James Holland,Austria Wien
2217262,54,Daniel Royer,Alexander Gorgon,Austria Wien
2217262,72,Martin Harrer,Alexander Grünwald,Austria Wien
2217262,46,Louis NGwat-Mahop,Daniel Luxbacher,SCR Altach
2217262,69,Boris Prokopič,Hannes Aigner,SCR Altach
2217262,79,Patrick Seeger,Ivan Kovačec,SCR Altach
2217263,65,Lukas Spendlhofer,Aleksandar Todorovski,Sturm Graz
2217263,78,Marc Andre Schmerböck,David Schloffer,Sturm Graz
2217263,90,Simon Piesinger,Daniel Beichler,Sturm Graz
2217263,55,Mario Ebenhofer,Daniel Schöpf,SC Wiener Neustadt
2217263,73,Julian Salamon,Michael Tieber,SC Wiener Neustadt
2217263,76,Thomas Pichlmann,Herbert Rauter,SC Wiener Neustadt
2217264,71,Julius Perstaller,Clemens Walch,SV Ried
2217264,76,Toni Vastić,Dieter Elsneg,SV Ried
2217264,84,Thomas Fröschl,Denis Streker,SV Ried
2217264,46,Kevin Kampl,Christoph Leitgeb,RB Salzburg
2217264,46,Christian Schwegler,Andreas Ulmer,RB Salzburg
2217264,80,André Ramalho,Alan,RB Salzburg
2217261,46,Robert Strobl,Christoph Martschinko,SV Grödig
2217261,59,Stefan Nutz,Sandro Djuric,SV Grödig
2217261,74,Roman Wallner,Simon Handle,SV Grödig
2217261,65,Roland Putsche,Manuel Weber,Wolfsberger AC
2217261,76,René Seebacher,Christopher Wernitznig,Wolfsberger AC
2217261,85,Silvio,Peter Žulj,Wolfsberger AC
2217270,46,Mario Pollhammer,Reinhold Ranftl,SC Wiener Neustadt
2217270,70,Matthias Koch,Christoph Freitag,SC Wiener Neustadt
2217270,75,Michael Tieber,Daniel Schöpf,SC Wiener Neustadt
2217270,40,Thomas Salamon,Markus Suttner,Austria Wien
2217270,58,Ola Kamara,Alexander Gorgon,Austria Wien
2217270,67,Martin Harrer,Alexander Grünwald,Austria Wien
2217268,60,Brian Behrendt,Mario Pavelić,Rapid Wien
2217268,78,Philipp Schobesberger,Louis Schaub,Rapid Wien
2217268,84,Deni Alar,Dominik Wydra,Rapid Wien
2217268,60,Marc Andre Schmerböck,David Schloffer,Sturm Graz
2217268,86,Simon Piesinger,Anel Hadžić,Sturm Graz
2217269,61,Toni Vastić,Patrick Möschl,SV Ried
2217269,77,Thomas Fröschl,Dieter Elsneg,SV Ried
2217269,62,Christoph Knasmüllner,Issiaka Ouédraogo,FC Admira Wacker
2217269,80,Marcus Maier,Daniel Toth,FC Admira Wacker
2217269,90,Markus Wostry,Thomas Ebner,FC Admira Wacker
2217271,63,Daniel Luxbacher,Ivan Kovačec,SCR Altach
2217271,63,Louis NGwat-Mahop,Patrick Seeger,SCR Altach
2217271,72,Patrick Salomon,Felix Roth,SCR Altach
2217271,66,Manuel Kerhe,Christopher Wernitznig,Wolfsberger AC
2217271,76,Attila Simon,Tadej Trdina,Wolfsberger AC
2217271,81,Silvio,Peter Žulj,Wolfsberger AC
2217267,46,Valentino Lazaro,Christoph Leitgeb,RB Salzburg
2217267,67,Alan,Marcel Sabitzer,RB Salzburg
2217267,75,Massimo Bruno,Sadio Mané,RB Salzburg
2217267,46,Daniel Schütz,Florian Hart,SV Grödig
2217267,67,Sandro Djuric,Stefan Nutz,SV Grödig
2217267,75,Christoph Martschinko,Tomi,SV Grödig
2217272,46,Philipp Schobesberger,Steffen Hofmann,Rapid Wien
2217272,57,Philipp Prosenik,Florian Kainz,Rapid Wien
2217272,74,Dominik Starkl,Lukas Grozurek,Rapid Wien
2217272,62,Ismael Tajouri,Patrick Seeger,SCR Altach
2217272,67,Boris Prokopič,Patrick Salomon,SCR Altach
2217272,79,Hannes Aigner,Darijo Pecirep,SCR Altach
2217273,62,Sascha Boller,Daniel Schütz,SV Grödig
2217273,74,Sandro Djuric,Tomi,SV Grödig
2217273,83,Roman Wallner,Yordy Reyna,SV Grödig
2217273,46,Kristijan Dobras,Daniel Schöpf,SC Wiener Neustadt
2217273,72,Matthias Koch,Lukas Denner,SC Wiener Neustadt
2217273,78,Osman Ali,Tobias Kainz,SC Wiener Neustadt
2217275,69,Manuel Kerhe,Christopher Wernitznig,Wolfsberger AC
2217275,75,Attila Simon,Tadej Trdina,Wolfsberger AC
2217275,83,Silvio,Peter Žulj,Wolfsberger AC
2217275,55,Thomas Fröschl,Toni Vastić,SV Ried
2217275,73,Patrick Möschl,Marcel Ziegl,SV Ried
2217275,77,Gernot Trauner,Dieter Elsneg,SV Ried
2217276,13,Markus Katzer,Richard Windbichler,FC Admira Wacker
2217276,46,Eldis Bajrami,Lukas Thürauer,FC Admira Wacker
2217276,75,Christoph Knasmüllner,Daniel Toth,FC Admira Wacker
2217276,73,Stefan Ilsanker,André Ramalho,RB Salzburg
2217276,73,Nils Quaschner,Jonathan Soriano,RB Salzburg
2217276,83,Kevin Kampl,Valentino Lazaro,RB Salzburg
2217274,65,Marc Andre Schmerböck,David Schloffer,Sturm Graz
2217274,80,Andreas Gruber,Daniel Beichler,Sturm Graz
2217274,90,Sandi Lovrič,Marko Stanković,Sturm Graz
2217274,58,Martin Harrer,Alexander Grünwald,Austria Wien
2217274,71,Alexander Gorgon,Daniel Royer,Austria Wien
2217274,82,Ola Kamara,Omer Damari,Austria Wien
2217279,64,Thorsten Schick,Daniel Beichler,Sturm Graz
2217279,79,Marc Andre Schmerböck,David Schloffer,Sturm Graz
2217279,89,Simon Piesinger,Daniel Offenbacher,Sturm Graz
2217279,57,Silvio,Peter Žulj,Wolfsberger AC
2217279,57,Manuel Kerhe,Christopher Wernitznig,Wolfsberger AC
2217279,88,Dario Baldauf,Tadej Trdina,Wolfsberger AC
2217277,63,Nils Quaschner,Jonathan Soriano,RB Salzburg
2217277,63,Valentino Lazaro,Kevin Kampl,RB Salzburg
2217277,83,Benno Schmitz,Christian Schwegler,RB Salzburg
2217277,64,Louis NGwat-Mahop,Ismael Tajouri,SCR Altach
2217277,70,Daniel Luxbacher,Hannes Aigner,SCR Altach
2217277,84,Lukas Jäger,Andreas Lienhart,SCR Altach
2217278,68,Thomas Pichlmann,Julian Salamon,SC Wiener Neustadt
2217278,73,Mario Ebenhofer,Kristijan Dobras,SC Wiener Neustadt
2217278,88,Tobias Kainz,Christoph Freitag,SC Wiener Neustadt
2217278,46,Patrick Wessely,Christoph Knasmüllner,FC Admira Wacker
2217278,73,Issiaka Ouédraogo,René Schicker,FC Admira Wacker
2217278,81,Marvin Egho,Eldis Bajrami,FC Admira Wacker
2217280,46,Clemens Walch,Patrick Möschl,SV Ried
2217280,56,Thomas Fröschl,Denis Streker,SV Ried
2217280,69,Thomas Burghuber,Clemens Walch,SV Ried
2217280,65,Sandro Djuric,Tomi,SV Grödig
2217280,75,Sascha Boller,Daniel Schütz,SV Grödig
2217280,89,Roman Wallner,Yordy Reyna,SV Grödig
2217281,55,Ola Kamara,Daniel Royer,Austria Wien
2217281,75,De Paula,Marco Meilinger,Austria Wien
2217281,59,Stefan Schwab,Steffen Hofmann,Rapid Wien
2217281,72,Dominik Starkl,Florian Kainz,Rapid Wien
2217281,82,Philipp Schobesberger,Louis Schaub,Rapid Wien
2217282,72,Valentino Lazaro,Alan,RB Salzburg
2217282,62,Marc Andre Schmerböck,Daniel Beichler,Sturm Graz
2217282,72,Simon Piesinger,Daniel Offenbacher,Sturm Graz
2217282,90,Tomislav Barbarić,Marko Stanković,Sturm Graz
2217283,62,Louis NGwat-Mahop,Ismael Tajouri,SCR Altach
2217283,62,César Ortiz,Boris Prokopič,SCR Altach
2217283,72,Daniel Luxbacher,Patrick Seeger,SCR Altach
2217283,46,Denis Streker,Marcel Ziegl,SV Ried
2217283,59,Julius Perstaller,Oliver Kragl,SV Ried
2217283,77,Toni Vastić,Thomas Fröschl,SV Ried
2217284,60,Silvio,Tadej Trdina,Wolfsberger AC
2217284,71,Christopher Wernitznig,Manuel Kerhe,Wolfsberger AC
2217284,84,Attila Simon,Peter Žulj,Wolfsberger AC
2217284,63,Mario Ebenhofer,Julian Salamon,SC Wiener Neustadt
2217284,72,Matthias Koch,Kristijan Dobras,SC Wiener Neustadt
2217284,89,Daniel Schöpf,Osman Ali,SC Wiener Neustadt
2217285,53,Markus Lackner,Daniel Toth,FC Admira Wacker
2217285,71,Marcus Maier,Thomas Ebner,FC Admira Wacker
2217285,80,Benjamin Sulimani,Issiaka Ouédraogo,FC Admira Wacker
2217285,46,Alexander Grünwald,Thomas Salamon,Austria Wien
2217285,62,Ola Kamara,Marco Meilinger,Austria Wien
2217285,69,De Paula,Mario Leitgeb,Austria Wien
2217286,68,Stefan Schwab,Steffen Hofmann,Rapid Wien
2217286,76,Florian Kainz,Philipp Schobesberger,Rapid Wien
2217286,90,Dominik Starkl,Louis Schaub,Rapid Wien
2217286,67,Sascha Boller,Daniel Schütz,SV Grödig
2217286,67,Sandro Djuric,Stefan Nutz,SV Grödig
2217288,46,De Paula,Daniel Royer,Austria Wien
2217288,54,Lukas Rotpuller,Christian Ramsebner,Austria Wien
2217288,90,Roman Kienast,Omer Damari,Austria Wien
2217288,46,Clemens Walch,Julius Perstaller,SV Ried
2217288,68,Oliver Kragl,Clemens Walch,SV Ried
2217288,87,Patrick Möschl,Thomas Fröschl,SV Ried
2217289,59,Josip Tadić,Marko Stanković,Sturm Graz
2217289,59,David Schloffer,Daniel Beichler,Sturm Graz
2217289,73,Sandi Lovrič,Simon Piesinger,Sturm Graz
2217289,46,Richard Windbichler,Daniel Toth,FC Admira Wacker
2217289,61,Benjamin Sulimani,René Schicker,FC Admira Wacker
2217289,79,Wilfried Domoraud,Markus Lackner,FC Admira Wacker
2217290,46,Manuel Kerhe,Tadej Trdina,Wolfsberger AC
2217290,73,Peter Žulj,Silvio,Wolfsberger AC
2217290,89,Roland Putsche,Jacobo,Wolfsberger AC
2217290,46,Nils Quaschner,Alan,RB Salzburg
2217290,67,Massimo Bruno,André Ramalho,RB Salzburg
2217290,84,Valentino Lazaro,Stefan Ilsanker,RB Salzburg
2217287,38,Matthias Maak,Thomas Goiginger,SV Grödig
2217287,46,Sascha Boller,Roman Wallner,SV Grödig
2217287,74,Daniel Schütz,Philipp Huspek,SV Grödig
2217287,46,Hannes Aigner,Darijo Pecirep,SCR Altach
2217287,52,Patrick Salomon,Felix Roth,SCR Altach
2217287,58,Ivan Kovačec,Ismael Tajouri,SCR Altach
2217291,60,Lukas Denner,Daniel Schöpf,SC Wiener Neustadt
2217291,67,Matthias Koch,Reinhold Ranftl,SC Wiener Neustadt
2217291,80,Dennis Mimm,Remo Mally,SC Wiener Neustadt
2217291,75,Philipp Schobesberger,Florian Kainz,Rapid Wien
2217291,83,Thanos Petsos,Dominik Wydra,Rapid Wien
2217291,85,Philipp Prosenik,Robert Berić,Rapid Wien
2217293,73,Lukas Grozurek,Philipp Schobesberger,Rapid Wien
2217293,81,Srđan Grahovac,Dominik Wydra,Rapid Wien
2217293,86,Philipp Prosenik,Robert Berić,Rapid Wien
2217293,61,Peter Žulj,Tadej Trdina,Wolfsberger AC
2217293,78,Dario Baldauf,Jacobo,Wolfsberger AC
2217293,86,Roland Putsche,Silvio,Wolfsberger AC
2217294,56,Thomas Murg,Clemens Walch,SV Ried
2217294,63,Julius Perstaller,Thomas Fröschl,SV Ried
2217294,87,Toni Vastić,Marcel Ziegl,SV Ried
2217294,83,David Schloffer,Marko Stanković,Sturm Graz
2217294,83,Simon Piesinger,Anel Hadžić,Sturm Graz
2217294,90,Tomislav Barbarić,Daniel Beichler,Sturm Graz
2217295,50,Issiaka Ouédraogo,Markus Lackner,FC Admira Wacker
2217295,63,Markus Katzer,René Schicker,FC Admira Wacker
2217295,80,Daniel Toth,Lukas Thürauer,FC Admira Wacker
2217295,65,Daniel Schütz,Sunday Emmanuel,SV Grödig
2217295,65,Sandro Djuric,Roman Wallner,SV Grödig
2217295,80,Thomas Goiginger,Maximilian Karner,SV Grödig
2217296,73,Felix Roth,Ismael Tajouri,SCR Altach
2217296,79,Emanuel Schreiner,Ronald Gërçaliu,SCR Altach
2217296,85,Patrick Seeger,Hannes Aigner,SCR Altach
2217296,67,Julian Salamon,Tobias Kainz,SC Wiener Neustadt
2217296,80,Michael Tieber,Herbert Rauter,SC Wiener Neustadt
2217296,88,Daniel Schöpf,Osman Ali,SC Wiener Neustadt
2217292,46,Peter Ankersen,Christian Schwegler,RB Salzburg
2217292,55,Stefan Ilsanker,Valentino Lazaro,RB Salzburg
2217292,63,Marcel Sabitzer,Massimo Bruno,RB Salzburg
2217292,68,Ola Kamara,De Paula,Austria Wien
2217292,90,Mario Leitgeb,Alexander Grünwald,Austria Wien
2217292,90,Martin Harrer,Omer Damari,Austria Wien
2217299,70,David Schloffer,Marko Stanković,Sturm Graz
2217299,83,Sandi Lovrič,Daniel Beichler,Sturm Graz
2217299,46,Ismael Tajouri,Alexander Pöllhuber,SCR Altach
2217299,59,Patrick Seeger,Ivan Kovačec,SCR Altach
2217299,81,Ronald Gërçaliu,Hannes Aigner,SCR Altach
2217298,50,Sandro Djuric,Robert Völkl,SV Grödig
2217298,76,Roman Wallner,Daniel Schütz,SV Grödig
2217298,88,Sascha Boller,Yordy Reyna,SV Grödig
2217298,27,Mario Leitgeb,James Holland,Austria Wien
2217298,70,Roman Kienast,Alexander Grünwald,Austria Wien
2217298,79,Thomas Salamon,Markus Suttner,Austria Wien
2217300,33,Stefan Schwendinger,Manuel Weber,Wolfsberger AC
2217300,56,René Seebacher,Manuel Kerhe,Wolfsberger AC
2217300,72,Silvio,Tadej Trdina,Wolfsberger AC
2217300,46,Benjamin Sulimani,Daniel Toth,FC Admira Wacker
2217300,74,Christoph Knasmüllner,René Schicker,FC Admira Wacker
2217300,84,Dominik Burusic,Eldis Bajrami,FC Admira Wacker
2217301,67,Kristijan Dobras,Mark Prettenthaler,SC Wiener Neustadt
2217301,74,Daniel Maderner,Matthias Koch,SC Wiener Neustadt
2217301,86,Mario Ebenhofer,Osman Ali,SC Wiener Neustadt
2217301,67,Patrick Möschl,Clemens Walch,SV Ried
2217301,83,Thomas Fröschl,Thomas Murg,SV Ried
2217301,90,Thomas Reifeltshammer,Dieter Elsneg,SV Ried
2217297,65,Thanos Petsos,Steffen Hofmann,Rapid Wien
2217297,72,Philipp Schobesberger,Florian Kainz,Rapid Wien
2217297,82,Philipp Prosenik,Robert Berić,Rapid Wien
2217297,76,Nils Quaschner,Jonathan Soriano,RB Salzburg
2217297,83,Massimo Bruno,Marcel Sabitzer,RB Salzburg
2217297,90,Konrad Laimer,Alan,RB Salzburg
2217304,56,De Paula,Daniel Royer,Austria Wien
2217304,64,Ola Kamara,Marco Meilinger,Austria Wien
2217304,70,Thomas Salamon,De Paula,Austria Wien
2217304,68,Manuel Kerhe,Christopher Wernitznig,Wolfsberger AC
2217304,78,Roland Putsche,Peter Žulj,Wolfsberger AC
2217304,88,Dario Baldauf,Jacobo,Wolfsberger AC
2217305,74,Andreas Gruber,David Schloffer,Sturm Graz
2217305,86,Simon Piesinger,Marko Stanković,Sturm Graz
2217305,90,Josip Tadić,Marco Djuricin,Sturm Graz
2217305,59,Sascha Boller,Daniel Schütz,SV Grödig
2217305,79,Roman Wallner,Yordy Reyna,SV Grödig
2217305,85,Sandro Djuric,Timo Brauer,SV Grödig
2217307,46,Wilfried Domoraud,Eldis Bajrami,FC Admira Wacker
2217307,67,Christoph Knasmüllner,René Schicker,FC Admira Wacker
2217307,79,Marvin Egho,Wilfried Domoraud,FC Admira Wacker
2217307,55,Ronald Gërçaliu,Ismael Tajouri,SCR Altach
2217307,66,Darijo Pecirep,Hannes Aigner,SCR Altach
2217307,86,Ivan Kovačec,Boris Prokopič,SCR Altach
2217306,38,Patrick Möschl,Gernot Trauner,SV Ried
2217306,55,Thomas Burghuber,Oliver Kragl,SV Ried
2217306,78,Julius Perstaller,Clemens Walch,SV Ried
2217306,71,Philipp Schobesberger,Florian Kainz,Rapid Wien
2217306,82,Srđan Grahovac,Steffen Hofmann,Rapid Wien
2217306,90,Philipp Prosenik,Robert Berić,Rapid Wien
2217303,63,Alan,Nils Quaschner,RB Salzburg
2217303,75,Jonathan Soriano,Massimo Bruno,RB Salzburg
2217303,84,Christoph Leitgeb,Marcel Sabitzer,RB Salzburg
2217303,46,Mario Ebenhofer,Matthias Koch,SC Wiener Neustadt
2217303,62,Reinhold Ranftl,Mark Prettenthaler,SC Wiener Neustadt
2217303,86,Daniel Schöpf,Kristijan Dobras,SC Wiener Neustadt
2217308,76,Marcel Sabitzer,Alan,RB Salzburg
2217308,77,Valentino Lazaro,Peter Ankersen,RB Salzburg
2217308,89,Naby Keïta,Massimo Bruno,RB Salzburg
2217308,71,Dieter Elsneg,Julius Perstaller,SV Ried
2217308,78,Toni Vastić,Clemens Walch,SV Ried
2217309,68,Dominik Starkl,Louis Schaub,Rapid Wien
2217309,76,Lukas Grozurek,Florian Kainz,Rapid Wien
2217309,86,Philipp Schobesberger,Stefan Schwab,Rapid Wien
2217309,46,Eldis Bajrami,Markus Katzer,FC Admira Wacker
2217309,66,René Schicker,Christoph Knasmüllner,FC Admira Wacker
2217309,81,Issiaka Ouédraogo,Markus Lackner,FC Admira Wacker
2217310,51,Dario Baldauf,Stephan Palla,Wolfsberger AC
2217310,64,Manuel Kerhe,Christopher Wernitznig,Wolfsberger AC
2217310,78,Silvio,Attila Simon,Wolfsberger AC
2217310,25,Sunday Emmanuel,Daniel Schütz,SV Grödig
2217310,46,Roman Wallner,Timo Brauer,SV Grödig
2217310,90,Florian Hart,Yordy Reyna,SV Grödig
2217312,62,Ivan Kovačec,Emanuel Schreiner,SCR Altach
2217312,62,Ismael Tajouri,Patrick Seeger,SCR Altach
2217312,78,Darijo Pecirep,Felix Roth,SCR Altach
2217312,6,Thomas Salamon,Markus Suttner,Austria Wien
2217312,68,Ola Kamara,Daniel Royer,Austria Wien
2217312,80,Tarkan Serbest,Florian Mader,Austria Wien
2217311,73,Daniel Schöpf,Osman Ali,SC Wiener Neustadt
2217311,80,Reinhold Ranftl,Christoph Freitag,SC Wiener Neustadt
2217311,86,Michael Tieber,Daniel Maderner,SC Wiener Neustadt
2217311,72,Josip Tadić,David Schloffer,Sturm Graz
2217311,89,Taisuke Akiyoshi,Marco Djuricin,Sturm Graz
2217311,90,Sandi Lovrič,Daniel Beichler,Sturm Graz
2217315,46,Josip Tadić,Simon Piesinger,Sturm Graz
2217315,79,Andreas Gruber,Daniel Offenbacher,Sturm Graz
2217315,87,Sandi Lovrič,Anel Hadžić,Sturm Graz
2217315,64,Srđan Grahovac,Steffen Hofmann,Rapid Wien
2217315,86,Dominik Starkl,Louis Schaub,Rapid Wien
2217315,90,Mario Pavelić,Florian Kainz,Rapid Wien
2217314,46,Manuel Ortlechner,Vanče Šikov,Austria Wien
2217314,70,Mario Leitgeb,Tarkan Serbest,Austria Wien
2217314,84,Martin Harrer,Marco Meilinger,Austria Wien
2217314,46,Daniel Maderner,Remo Mally,SC Wiener Neustadt
2217314,46,Matthias Koch,Conor OBrien,SC Wiener Neustadt
2217314,51,Mario Ebenhofer,Herbert Rauter,SC Wiener Neustadt
2217316,68,Attila Simon,Silvio,Wolfsberger AC
2217316,75,René Seebacher,Peter Žulj,Wolfsberger AC
2217316,81,Christopher Wernitznig,Jacobo,Wolfsberger AC
2217316,72,Darijo Pecirep,Louis NGwat-Mahop,SCR Altach
2217316,72,Patrick Seeger,Lukas Jäger,SCR Altach
2217316,79,Ivan Kovačec,Ismael Tajouri,SCR Altach
2217317,74,Christoph Knasmüllner,René Schicker,FC Admira Wacker
2217317,71,Thomas Fröschl,Thomas Murg,SV Ried
2217317,80,Julius Perstaller,Patrick Möschl,SV Ried
2217317,86,Toni Vastić,Clemens Walch,SV Ried
2217313,46,Tomi,Florian Hart,SV Grödig
2217313,78,Timo Brauer,Robert Völkl,SV Grödig
2217313,90,Roman Wallner,Philipp Huspek,SV Grödig
2217313,36,Alexander Walke,Naby Keïta,RB Salzburg
2217313,73,Jonathan Soriano,Alan,RB Salzburg
2217313,78,Massimo Bruno,Christoph Leitgeb,RB Salzburg
2217319,46,Alexander Gorgon,Florian Mader,Austria Wien
2217319,58,Martin Harrer,Alexander Grünwald,Austria Wien
2217319,78,Jens Stryger Larsen,Fabian Koch,Austria Wien
2217319,79,Simon Piesinger,Daniel Offenbacher,Sturm Graz
2217319,84,Josip Tadić,Marko Stanković,Sturm Graz
2217319,90,Sandi Lovrič,Marco Djuricin,Sturm Graz
2217318,46,Konrad Laimer,Ante Roguljić,RB Salzburg
2217318,90,Franz Schiemer,Marcel Sabitzer,RB Salzburg
2217318,46,Lukas Thürauer,Eldis Bajrami,FC Admira Wacker
2217318,62,Benjamin Sulimani,Issiaka Ouédraogo,FC Admira Wacker
2217318,81,Philipp Malicsek,Thomas Ebner,FC Admira Wacker
2217320,64,Thomas Murg,Clemens Walch,SV Ried
2217320,81,Denis Streker,Dieter Elsneg,SV Ried
2217320,88,Thomas Fröschl,Oliver Kragl,SV Ried
2217320,65,Attila Simon,Silvio,Wolfsberger AC
2217320,71,Christopher Wernitznig,René Seebacher,Wolfsberger AC
2217320,85,Stefan Schwendinger,Manuel Weber,Wolfsberger AC
2217322,64,Louis NGwat-Mahop,Hannes Aigner,SCR Altach
2217322,72,Ismael Tajouri,Ivan Kovačec,SCR Altach
2217322,85,Daniel Luxbacher,Patrick Seeger,SCR Altach
2217322,66,Christopher Dibon,Srđan Grahovac,Rapid Wien
2217322,82,Dominik Starkl,Mario Pavelić,Rapid Wien
2217322,89,Deni Alar,Louis Schaub,Rapid Wien
2217321,46,Daniel Schöpf,Christian Deutschmann,SC Wiener Neustadt
2217321,66,Michael Tieber,Daniel Maderner,SC Wiener Neustadt
2217321,76,Matthias Koch,Christoph Freitag,SC Wiener Neustadt
2217321,68,Sunday Emmanuel,Sandro Djuric,SV Grödig
2217321,69,Robert Völkl,Tomi,SV Grödig
2217321,83,Thomas Goiginger,Philipp Huspek,SV Grödig
2217325,70,Christopher Wernitznig,Peter Žulj,Wolfsberger AC
2217325,86,Stefan Schwendinger,Manuel Weber,Wolfsberger AC
2217325,74,Andreas Gruber,Daniel Beichler,Sturm Graz
2217325,79,Simon Piesinger,Marko Stanković,Sturm Graz
2217325,90,Josip Tadić,Marco Djuricin,Sturm Graz
2217324,65,Roman Wallner,Sunday Emmanuel,SV Grödig
2217324,65,Timo Brauer,Simon Handle,SV Grödig
2217324,66,Julius Perstaller,Clemens Walch,SV Ried
2217324,79,Thomas Burghuber,Thomas Fröschl,SV Ried
2217324,90,Toni Vastić,Dieter Elsneg,SV Ried
2217326,46,Eldis Bajrami,Lukas Thürauer,FC Admira Wacker
2217326,85,Markus Katzer,Markus Lackner,FC Admira Wacker
2217326,90,René Schicker,Benjamin Sulimani,FC Admira Wacker
2217326,59,Conor OBrien,Matthias Koch,SC Wiener Neustadt
2217326,66,Dennis Mimm,Mario Ebenhofer,SC Wiener Neustadt
2217326,90,Daniel Maderner,Michael Tieber,SC Wiener Neustadt
2217323,46,Deni Alar,Dominik Wydra,Rapid Wien
2217323,71,Philipp Schobesberger,Louis Schaub,Rapid Wien
2217323,85,Dominik Starkl,Florian Kainz,Rapid Wien
2217323,77,Fabian Koch,Jens Stryger Larsen,Austria Wien
2217323,77,Daniel Royer,Marco Meilinger,Austria Wien
2217323,89,Tarkan Serbest,Omer Damari,Austria Wien
2217327,66,Felix Roth,Philipp Netzer,SCR Altach
2217327,69,Louis NGwat-Mahop,Ismael Tajouri,SCR Altach
2217327,83,Ronald Gërçaliu,Hannes Aigner,SCR Altach
2217327,46,Benno Schmitz,Peter Ankersen,RB Salzburg
2217327,62,Smail Prevljak,Konrad Laimer,RB Salzburg
2217327,74,Marcel Sabitzer,Naby Keïta,RB Salzburg
2217328,82,Sunday Emmanuel,Yordy Reyna,SV Grödig
2217328,89,Sandro Djuric,Stefan Nutz,SV Grödig
2217328,90,Thomas Goiginger,Philipp Huspek,SV Grödig
2217328,46,Dominik Wydra,Steffen Hofmann,Rapid Wien
2217328,67,Louis Schaub,Philipp Schobesberger,Rapid Wien
2217328,81,Philipp Prosenik,Deni Alar,Rapid Wien
2217329,52,Florian Mader,Alexander Grünwald,Austria Wien
2217329,52,Daniel Royer,Marco Meilinger,Austria Wien
2217329,77,Marko Kvasina,Mario Leitgeb,Austria Wien
2217329,68,Thomas Ebner,Marvin Egho,FC Admira Wacker
2217329,79,René Schicker,Benjamin Sulimani,FC Admira Wacker
2217331,35,Denis Streker,Marcel Ziegl,SV Ried
2217331,67,Julius Perstaller,Clemens Walch,SV Ried
2217331,80,Thomas Fröschl,Patrick Möschl,SV Ried
2217331,46,Patrick Seeger,Ismael Tajouri,SCR Altach
2217331,61,Louis NGwat-Mahop,Ivan Kovačec,SCR Altach
2217331,79,Daniel Luxbacher,Boris Prokopič,SCR Altach
2217332,62,Daniel Maderner,Stefan Maierhofer,SC Wiener Neustadt
2217332,72,Reinhold Ranftl,Daniel Schöpf,SC Wiener Neustadt
2217332,80,Mark Prettenthaler,Osman Ali,SC Wiener Neustadt
2217332,60,Silvio,Attila Simon,Wolfsberger AC
2217332,70,Christopher Wernitznig,Peter Žulj,Wolfsberger AC
2217330,60,Andreas Gruber,Daniel Beichler,Sturm Graz
2217330,73,Josip Tadić,Marko Stanković,Sturm Graz
2217330,79,Benjamin Rosenberger,Thorsten Schick,Sturm Graz
2217330,73,Alan,Jonathan Soriano,RB Salzburg
2217330,81,Naby Keïta,Massimo Bruno,RB Salzburg
2217330,85,Konrad Laimer,Marcel Sabitzer,RB Salzburg
2217335,68,Thomas Fröschl,Patrick Möschl,SV Ried
2217335,74,Julius Perstaller,Thomas Murg,SV Ried
2217335,84,Toni Vastić,Denis Streker,SV Ried
2217335,56,Mario Leitgeb,Tarkan Serbest,Austria Wien
2217335,67,Marco Meilinger,Alexander Gorgon,Austria Wien
2217335,84,Markus Suttner,Daniel Royer,Austria Wien
2217334,46,Deni Alar,Steffen Hofmann,Rapid Wien
2217334,78,Dominik Wydra,Stefan Schwab,Rapid Wien
2217334,85,Philipp Schobesberger,Florian Kainz,Rapid Wien
2217334,65,Michael Tieber,Herbert Rauter,SC Wiener Neustadt
2217334,70,Daniel Maderner,Stefan Maierhofer,SC Wiener Neustadt
2217334,80,Reinhold Ranftl,Osman Ali,SC Wiener Neustadt
2217336,46,Issiaka Ouédraogo,Benjamin Sulimani,FC Admira Wacker
2217336,68,Nico Löffler,Marvin Egho,FC Admira Wacker
2217336,21,Simon Piesinger,Anel Hadžić,Sturm Graz
2217336,75,David Schloffer,Andreas Gruber,Sturm Graz
2217336,82,Josip Tadić,Marco Djuricin,Sturm Graz
2217337,33,Alexander Pöllhuber,César Ortiz,SCR Altach
2217337,65,Ivan Kovačec,Daniel Luxbacher,SCR Altach
2217337,81,Patrick Seeger,Louis NGwat-Mahop,SCR Altach
2217337,62,Sandro Djuric,Robert Völkl,SV Grödig
2217337,72,Thomas Goiginger,Daniel Schütz,SV Grödig
2217337,89,Bernd Gschweidl,Matthias Maak,SV Grödig
2217333,59,Marcel Sabitzer,Massimo Bruno,RB Salzburg
2217333,71,Naby Keïta,Christoph Leitgeb,RB Salzburg
2217333,70,Tadej Trdina,Roland Putsche,Wolfsberger AC
2217333,78,Jacobo,Christopher Wernitznig,Wolfsberger AC
2217333,90,Maximilian Ritscher,Silvio,Wolfsberger AC
2217339,73,Jens Stryger Larsen,Marco Meilinger,Austria Wien
2217339,81,Ola Kamara,Alexander Grünwald,Austria Wien
2217339,81,Peter Ankersen,Christian Schwegler,RB Salzburg
2217339,86,Benno Schmitz,Marcel Sabitzer,RB Salzburg
2217338,46,Florian Hart,Marvin Potzmann,SV Grödig
2217338,59,Thomas Goiginger,Philipp Huspek,SV Grödig
2217338,81,Sunday Emmanuel,Yordy Reyna,SV Grödig
2217338,46,Eldis Bajrami,Issiaka Ouédraogo,FC Admira Wacker
2217338,46,Thomas Ebner,Lukas Thürauer,FC Admira Wacker
2217338,76,Maximilian Sax,Christoph Knasmüllner,FC Admira Wacker
2217340,73,Anel Hadžić,Marko Stanković,Sturm Graz
2217340,75,David Schloffer,Andreas Gruber,Sturm Graz
2217340,88,Josip Tadić,Marco Djuricin,Sturm Graz
2217340,46,Harald Pichler,Denis Streker,SV Ried
2217340,46,Clemens Walch,Dieter Elsneg,SV Ried
2217340,78,Thomas Fröschl,Thomas Murg,SV Ried
2217342,69,Mario Pollhammer,Osman Ali,SC Wiener Neustadt
2217342,79,Tobias Kainz,Herbert Rauter,SC Wiener Neustadt
2217342,84,Daniel Maderner,Stefan Maierhofer,SC Wiener Neustadt
2217342,46,Ismael Tajouri,Boris Prokopič,SCR Altach
2217342,65,Patrick Seeger,Ivan Kovačec,SCR Altach
2217342,65,Darijo Pecirep,Hannes Aigner,SCR Altach
2217341,76,Silvio,Christopher Wernitznig,Wolfsberger AC
2217341,86,Manuel Kerhe,Jacobo,Wolfsberger AC
2217341,90,Manuel Seidl,Tadej Trdina,Wolfsberger AC
2217341,79,Dominik Wydra,Stefan Schwab,Rapid Wien
2217341,86,Deni Alar,Robert Berić,Rapid Wien
2217347,23,Boris Prokopič,Darijo Pecirep,SCR Altach
2217347,46,Emanuel Schreiner,Hannes Aigner,SCR Altach
2217347,57,Ivan Kovačec,Louis NGwat-Mahop,SCR Altach
2217347,46,Josip Tadić,Marko Stanković,Sturm Graz
2217347,46,Andreas Gruber,Anel Hadžić,Sturm Graz
2217347,72,David Schloffer,Martin Ehrenreich,Sturm Graz
2217344,65,Marko Kvasina,Mario Leitgeb,Austria Wien
2217344,85,Jens Stryger Larsen,Marco Meilinger,Austria Wien
2217344,90,Tarkan Serbest,Alexander Gorgon,Austria Wien
2217344,67,Thomas Goiginger,Daniel Schütz,SV Grödig
2217344,84,Florian Hart,Christoph Martschinko,SV Grödig
2217344,84,Sunday Emmanuel,Robert Völkl,SV Grödig
2217345,72,Julius Perstaller,Clemens Walch,SV Ried
2217345,78,Dieter Elsneg,Thomas Murg,SV Ried
2217345,85,Thomas Fröschl,Stefan Lainer,SV Ried
2217345,53,Herbert Rauter,Matthias Koch,SC Wiener Neustadt
2217345,70,Daniel Schöpf,Kristijan Dobras,SC Wiener Neustadt
2217345,83,Tobias Kainz,Osman Ali,SC Wiener Neustadt
2217346,67,Benjamin Sulimani,Maximilian Sax,FC Admira Wacker
2217346,90,Mustafa Yavuz,Lukas Thürauer,FC Admira Wacker
2217346,67,Manuel Seidl,Silvio,Wolfsberger AC
2217346,74,Christopher Wernitznig,Jacobo,Wolfsberger AC
2217346,83,Peter Žulj,Manuel Weber,Wolfsberger AC
2217343,46,Naby Keïta,Massimo Bruno,RB Salzburg
2217343,46,Marcel Sabitzer,Jonathan Soriano,RB Salzburg
2217343,83,Peter Ankersen,Christian Schwegler,RB Salzburg
2217343,73,Louis Schaub,Dominik Wydra,Rapid Wien
2217343,79,Deni Alar,Steffen Hofmann,Rapid Wien
2217348,67,Steffen Hofmann,Deni Alar,Rapid Wien
2217348,67,Stefan Schwab,Dominik Wydra,Rapid Wien
2217348,82,Dominik Starkl,Louis Schaub,Rapid Wien
2217348,15,Lorenz Höbarth,Julius Perstaller,SV Ried
2217348,46,Harald Pichler,Dieter Elsneg,SV Ried
2217348,64,Thomas Fröschl,Thomas Murg,SV Ried
2217351,61,Osman Ali,Reinhold Ranftl,SC Wiener Neustadt
2217351,70,Daniel Maderner,Herbert Rauter,SC Wiener Neustadt
2217351,83,Michael Tieber,Philip Hellquist,SC Wiener Neustadt
2217351,64,Marco Djuricin,Takumi Minamino,RB Salzburg
2217351,81,Valon Berisha,Jonathan Soriano,RB Salzburg
2217351,84,Valentino Lazaro,Marcel Sabitzer,RB Salzburg
2217352,55,Lukas Jäger,Daniel Luxbacher,SCR Altach
2217352,66,Patrick Seeger,Darko Bodul,SCR Altach
2217352,79,Ismael Tajouri,Ivan Kovačec,SCR Altach
2217352,71,Benjamin Sulimani,Eldis Bajrami,FC Admira Wacker
2217350,54,Silvio,Christopher Wernitznig,Wolfsberger AC
2217350,74,Michael Sollbauer,Manuel Weber,Wolfsberger AC
2217350,82,Hervé Oussalé,Tadej Trdina,Wolfsberger AC
2217350,46,Raphael Holzhauser,Mario Leitgeb,Austria Wien
2217350,46,Marko Kvasina,Alexander Grünwald,Austria Wien
2217350,75,De Paula,Daniel Royer,Austria Wien
2217349,46,Simon Handle,Marvin Potzmann,SV Grödig
2217349,61,Roman Kerschbaum,Sandro Djuric,SV Grödig
2217349,80,Bernd Gschweidl,Christoph Martschinko,SV Grödig
2217349,71,Daniel Offenbacher,Donis Avdijaj,Sturm Graz
2217349,78,Benjamin Rosenberger,Andreas Gruber,Sturm Graz
2217349,87,Josip Tadić,Roman Kienast,Sturm Graz
2217354,67,Daniel Royer,Marco Meilinger,Austria Wien
2217354,71,Alexander Grünwald,Marko Kvasina,Austria Wien
2217354,83,Mario Leitgeb,Raphael Holzhauser,Austria Wien
2217354,46,Ismael Tajouri,Jan Zwischenbrugger,SCR Altach
2217354,46,Martí Riverola,Patrick Salomon,SCR Altach
2217354,62,Daniel Luxbacher,Ivan Kovačec,SCR Altach
2217355,39,Roman Kienast,Daniel Offenbacher,Sturm Graz
2217355,74,Simon Piesinger,Marko Stanković,Sturm Graz
2217355,80,Donis Avdijaj,Bright Edomwonyi,Sturm Graz
2217355,40,Dominik Hofbauer,Herbert Rauter,SC Wiener Neustadt
2217355,69,Reinhold Ranftl,Kristijan Dobras,SC Wiener Neustadt
2217355,83,Michael Tieber,Lukas Denner,SC Wiener Neustadt
2217356,76,Dieter Elsneg,Thomas Murg,SV Ried
2217356,85,Julius Perstaller,Clemens Walch,SV Ried
2217356,90,Thomas Fröschl,Patrick Möschl,SV Ried
2217356,63,Massimo Bruno,Marco Djuricin,RB Salzburg
2217356,63,Marcel Sabitzer,Valon Berisha,RB Salzburg
2217356,73,Stefan Ilsanker,Duje Ćaleta-Car,RB Salzburg
2217357,46,Toni Vastić,Lukas Grozurek,FC Admira Wacker
2217357,57,René Schicker,Issiaka Ouédraogo,FC Admira Wacker
2217357,70,Benjamin Sulimani,Eldis Bajrami,FC Admira Wacker
2217357,68,Louis Schaub,Steffen Hofmann,Rapid Wien
2217357,75,Stefan Schwab,Dominik Wydra,Rapid Wien
2217357,80,Srđan Grahovac,Deni Alar,Rapid Wien
2217353,71,Thomas Goiginger,Daniel Schütz,SV Grödig
2217353,78,Sunday Emmanuel,Bernd Gschweidl,SV Grödig
2217353,89,Roman Kerschbaum,Timo Brauer,SV Grödig
2217353,46,Christopher Wernitznig,Hervé Oussalé,Wolfsberger AC
2217353,63,Stefan Schwendinger,Peter Žulj,Wolfsberger AC
2217353,73,Silvio,Manuel Weber,Wolfsberger AC
2217362,61,Felix Roth,Martí Riverola,SCR Altach
2217362,78,Patrick Salomon,Ismael Tajouri,SCR Altach
2217362,81,Ivan Kovačec,Hannes Aigner,SCR Altach
2217362,72,Jacobo,Manuel Kerhe,Wolfsberger AC
2217362,72,Hervé Oussalé,Tadej Trdina,Wolfsberger AC
2217362,85,Manuel Seidl,Roland Putsche,Wolfsberger AC
2217359,72,Dominik Starkl,Louis Schaub,Rapid Wien
2217359,83,Deni Alar,Steffen Hofmann,Rapid Wien
2217359,90,Philipp Prosenik,Robert Berić,Rapid Wien
2217359,46,Andreas Gruber,Marc Andre Schmerböck,Sturm Graz
2217359,69,Roman Kienast,Bright Edomwonyi,Sturm Graz
2217359,73,Donis Avdijaj,Daniel Offenbacher,Sturm Graz
2217360,27,Dieter Elsneg,Clemens Walch,SV Ried
2217360,74,Thomas Fröschl,Marcel Ziegl,SV Ried
2217360,88,Jakob Kreuzer,Patrick Möschl,SV Ried
2217360,60,Issiaka Ouédraogo,Toni Vastić,FC Admira Wacker
2217360,65,Benjamin Sulimani,René Schicker,FC Admira Wacker
2217360,83,Thomas Weber,Eldis Bajrami,FC Admira Wacker
2217361,64,Reinhold Ranftl,Lukas Denner,SC Wiener Neustadt
2217361,73,Osman Ali,Dominik Hofbauer,SC Wiener Neustadt
2217361,89,Remo Mally,Kristijan Dobras,SC Wiener Neustadt
2217361,46,Daniel Royer,Philipp Zulechner,Austria Wien
2217361,61,De Paula,Marco Meilinger,Austria Wien
2217361,70,Jens Stryger Larsen,Fabian Koch,Austria Wien
2217358,46,Peter Ankersen,Christian Schwegler,RB Salzburg
2217358,71,Felipe Pires,Marco Djuricin,RB Salzburg
2217358,78,Takumi Minamino,Valentino Lazaro,RB Salzburg
2217358,64,Florian Hart,Matthias Maak,SV Grödig
2217358,82,Lucas Venuto,Christoph Martschinko,SV Grödig
2217358,87,Bernd Gschweidl,Tomi,SV Grödig
2217365,64,Andreas Gruber,David Schloffer,Sturm Graz
2217365,64,Bright Edomwonyi,Donis Avdijaj,Sturm Graz
2217365,66,Simon Piesinger,Wilson Kamavuaka,Sturm Graz
2217365,54,Alexander Grünwald,Raphael Holzhauser,Austria Wien
2217365,71,Marko Kvasina,Philipp Zulechner,Austria Wien
2217365,79,Christian Ramsebner,Tarkan Serbest,Austria Wien
2217363,60,Florian Kainz,Dominik Starkl,Rapid Wien
2217363,76,Philipp Prosenik,Louis Schaub,Rapid Wien
2217363,79,Steffen Hofmann,Deni Alar,Rapid Wien
2217363,27,Felix Roth,Martí Riverola,SCR Altach
2217363,58,Darko Bodul,Hannes Aigner,SCR Altach
2217363,85,Ivan Kovačec,Patrick Seeger,SCR Altach
2217364,59,Lucas Venuto,Simon Handle,SV Grödig
2217364,64,Sandro Djuric,Sunday Emmanuel,SV Grödig
2217364,78,Thomas Goiginger,Philipp Huspek,SV Grödig
2217364,65,Reinhold Ranftl,Osman Ali,SC Wiener Neustadt
2217364,84,Matthias Koch,Dominik Hofbauer,SC Wiener Neustadt
2217364,89,Daniel Maderner,Kristijan Dobras,SC Wiener Neustadt
2217366,11,Silvio,Tadej Trdina,Wolfsberger AC
2217366,54,Manuel Seidl,Manuel Weber,Wolfsberger AC
2217366,79,Christopher Wernitznig,René Seebacher,Wolfsberger AC
2217366,7,Marcel Ziegl,Michele Polverino,SV Ried
2217366,77,Thomas Fröschl,Patrick Möschl,SV Ried
2217366,84,Denis Streker,Dieter Elsneg,SV Ried
2217367,46,Lukas Grozurek,Markus Blutsch,FC Admira Wacker
2217367,52,Issiaka Ouédraogo,Toni Vastić,FC Admira Wacker
2217367,69,Eldis Bajrami,Markus Lackner,FC Admira Wacker
2217367,65,André Ramalho,Konrad Laimer,RB Salzburg
2217367,69,Felipe Pires,Jonathan Soriano,RB Salzburg
2217367,75,Valon Berisha,Valentino Lazaro,RB Salzburg
2217370,46,Roman Kienast,Anel Hadžić,Sturm Graz
2217370,60,Donis Avdijaj,Bright Edomwonyi,Sturm Graz
2217370,80,Daniel Offenbacher,Andreas Gruber,Sturm Graz
2217370,14,Daniel Drescher,Jacobo,Wolfsberger AC
2217370,75,Silvio,Roland Putsche,Wolfsberger AC
2217370,79,Peter Žulj,Manuel Kerhe,Wolfsberger AC
2217368,61,Valentino Lazaro,Takumi Minamino,RB Salzburg
2217368,61,Valon Berisha,Marco Djuricin,RB Salzburg
2217368,87,André Ramalho,Stefan Ilsanker,RB Salzburg
2217368,66,Louis NGwat-Mahop,Darko Bodul,SCR Altach
2217368,76,Daniel Luxbacher,Ismael Tajouri,SCR Altach
2217368,84,Ronald Gërçaliu,Andreas Lienhart,SCR Altach
2217371,50,Clemens Walch,Patrick Möschl,SV Ried
2217371,75,Thomas Fröschl,Marcel Ziegl,SV Ried
2217371,88,Julius Perstaller,Thomas Murg,SV Ried
2217371,32,Sunday Emmanuel,Tomi,SV Grödig
2217371,71,Christoph Martschinko,Sandro Djuric,SV Grödig
2217371,84,Roman Kerschbaum,Stefan Nutz,SV Grödig
2217372,59,Osman Ali,Lukas Denner,SC Wiener Neustadt
2217372,72,Matthias Koch,Conor OBrien,SC Wiener Neustadt
2217372,76,Michael Tieber,Kristijan Dobras,SC Wiener Neustadt
2217372,50,Markus Lackner,René Schicker,FC Admira Wacker
2217372,66,Eldis Bajrami,Lukas Grozurek,FC Admira Wacker
2217372,90,Issiaka Ouédraogo,Benjamin Sulimani,FC Admira Wacker
2217369,28,Raphael Holzhauser,Tarkan Serbest,Austria Wien
2217369,52,Philipp Zulechner,Alexander Gorgon,Austria Wien
2217369,88,Patrizio Stronati,Marco Meilinger,Austria Wien
2217369,60,Philipp Schobesberger,Louis Schaub,Rapid Wien
2217369,67,Dominik Wydra,Steffen Hofmann,Rapid Wien
2217369,73,Deni Alar,Stefan Schwab,Rapid Wien
2217376,74,Lukas Grozurek,Markus Lackner,FC Admira Wacker
2217376,82,Eldis Bajrami,Benjamin Sulimani,FC Admira Wacker
2217376,84,René Schicker,Stephan Auer,FC Admira Wacker
2217376,68,Florian Mader,Mario Leitgeb,Austria Wien
2217376,76,Sascha Horvath,Philipp Zulechner,Austria Wien
2217374,68,Dominik Starkl,Philipp Schobesberger,Rapid Wien
2217374,72,Steffen Hofmann,Louis Schaub,Rapid Wien
2217374,72,Philipp Prosenik,Robert Berić,Rapid Wien
2217374,27,Pirmin Strasser,Cican Stanković,SV Grödig
2217374,46,Roman Kerschbaum,Ione Cabrera,SV Grödig
2217374,72,Simon Handle,Marvin Potzmann,SV Grödig
2217375,46,Manuel Seidl,Peter Žulj,Wolfsberger AC
2217375,80,Silvio,Manuel Weber,Wolfsberger AC
2217375,85,Hervé Oussalé,Tadej Trdina,Wolfsberger AC
2217375,56,Daniel Schöpf,Reinhold Ranftl,SC Wiener Neustadt
2217375,63,Matthias Koch,Remo Mally,SC Wiener Neustadt
2217375,73,Daniel Maderner,Michael Tieber,SC Wiener Neustadt
2217377,63,Daniel Luxbacher,Ivan Kovačec,SCR Altach
2217377,73,Darko Bodul,Hannes Aigner,SCR Altach
2217377,78,Benedikt Zech,Boris Prokopič,SCR Altach
2217377,24,Thomas Reifeltshammer,Bernhard Janeczek,SV Ried
2217377,54,Clemens Walch,Patrick Möschl,SV Ried
2217377,80,Thomas Fröschl,Marcel Ziegl,SV Ried
2217373,72,Felipe Pires,Takumi Minamino,RB Salzburg
2217373,79,André Ramalho,Konrad Laimer,RB Salzburg
2217373,87,Valon Berisha,Marco Djuricin,RB Salzburg
2217373,72,Donis Avdijaj,Thorsten Schick,Sturm Graz
2217373,78,Bright Edomwonyi,Daniel Offenbacher,Sturm Graz
2217373,87,Josip Tadić,Andreas Gruber,Sturm Graz
2217380,51,Philipp Zulechner,Sascha Horvath,Austria Wien
2217380,79,Alexander Frank,Marco Meilinger,Austria Wien
2217380,58,Dieter Elsneg,Thomas Murg,SV Ried
2217380,74,Julius Perstaller,Clemens Walch,SV Ried
2217380,86,Denis Streker,Marcel Ziegl,SV Ried
2217379,70,Thomas Goiginger,Philipp Huspek,SV Grödig
2217379,79,Sunday Emmanuel,Timo Brauer,SV Grödig
2217379,83,Sandro Djuric,Daniel Schütz,SV Grödig
2217379,73,Benedikt Zech,Emanuel Schreiner,SCR Altach
2217379,73,Louis NGwat-Mahop,Hannes Aigner,SCR Altach
2217379,83,Patrick Salomon,Felix Roth,SCR Altach
2217381,65,Andreas Gruber,Donis Avdijaj,Sturm Graz
2217381,75,Bright Edomwonyi,Roman Kienast,Sturm Graz
2217381,81,Josip Tadić,Bright Edomwonyi,Sturm Graz
2217381,14,Jörg Siebenhandl,Manuel Kuttin,FC Admira Wacker
2217381,53,René Schicker,Markus Lackner,FC Admira Wacker
2217381,72,Toni Vastić,Issiaka Ouédraogo,FC Admira Wacker
2217382,70,Dario Baldauf,Stephan Palla,Wolfsberger AC
2217382,78,Peter Žulj,Christopher Wernitznig,Wolfsberger AC
2217382,90,Manuel Kerhe,Jacobo,Wolfsberger AC
2217382,46,Benno Schmitz,Andreas Ulmer,RB Salzburg
2217382,67,André Ramalho,Konrad Laimer,RB Salzburg
2217382,77,Felipe Pires,Marco Djuricin,RB Salzburg
2217383,62,Daniel Schöpf,Lukas Denner,SC Wiener Neustadt
2217383,68,Herbert Rauter,Osman Ali,SC Wiener Neustadt
2217383,77,Michael Tieber,Philip Hellquist,SC Wiener Neustadt
2217383,41,Steffen Hofmann,Louis Schaub,Rapid Wien
2217383,84,Stefan Stangl,Florian Kainz,Rapid Wien
2217383,90,Deni Alar,Philipp Schobesberger,Rapid Wien
2217384,75,Valon Berisha,Takumi Minamino,RB Salzburg
2217384,79,Nils Quaschner,Valentino Lazaro,RB Salzburg
2217384,88,Felipe Pires,Marcel Sabitzer,RB Salzburg
2217384,56,Alexander Grünwald,De Paula,Austria Wien
2217384,68,Florian Mader,Raphael Holzhauser,Austria Wien
2217384,77,Philipp Zulechner,Marco Meilinger,Austria Wien
2217385,57,Steffen Hofmann,Philipp Schobesberger,Rapid Wien
2217385,75,Stefan Stangl,Dominik Starkl,Rapid Wien
2217385,87,Armin Mujakic,Deni Alar,Rapid Wien
2217385,46,Christian Dobnik,Alexander Kofler,Wolfsberger AC
2217385,58,Manuel Kerhe,René Seebacher,Wolfsberger AC
2217385,75,Peter Žulj,Christopher Wernitznig,Wolfsberger AC
2217387,46,René Schicker,Issiaka Ouédraogo,FC Admira Wacker
2217387,66,Toni Vastić,Christoph Schösswendter,FC Admira Wacker
2217387,77,Marvin Egho,Thomas Ebner,FC Admira Wacker
2217387,26,Robert Strobl,Simon Handle,SV Grödig
2217387,71,Florian Hart,Bernd Gschweidl,SV Grödig
2217387,85,Roman Kerschbaum,Stefan Nutz,SV Grödig
2217386,37,Harald Pichler,Petar Filipović,SV Ried
2217386,55,Dieter Elsneg,Michele Polverino,SV Ried
2217386,72,Thomas Fröschl,Clemens Walch,SV Ried
2217386,61,Andreas Gruber,Marko Stanković,Sturm Graz
2217386,90,Igor Oshchypko,Donis Avdijaj,Sturm Graz
2217388,75,Alexander Pöllhuber,César Ortiz,SCR Altach
2217388,77,Lukas Jäger,Emanuel Schreiner,SCR Altach
2217388,83,Daniel Luxbacher,Felix Roth,SCR Altach
2217388,46,Daniel Maderner,Herbert Rauter,SC Wiener Neustadt
2217388,63,Osman Ali,Matthias Koch,SC Wiener Neustadt
2217388,78,Michael Tieber,Philip Hellquist,SC Wiener Neustadt
2217391,37,Andreas Gruber,Marko Stanković,Sturm Graz
2217391,81,Daniel Beichler,Sandi Lovrič,Sturm Graz
2217391,85,Wilson Kamavuaka,Lukas Spendlhofer,Sturm Graz
2217391,46,Patrick Salomon,Alexander Pöllhuber,SCR Altach
2217391,46,Patrick Seeger,Daniel Luxbacher,SCR Altach
2217391,68,Ismael Tajouri,Darko Bodul,SCR Altach
2217390,46,Lucas Venuto,Daniel Schütz,SV Grödig
2217390,46,Sandro Djuric,Robert Völkl,SV Grödig
2217390,72,Sunday Emmanuel,Bernd Gschweidl,SV Grödig
2217390,60,Daniel Royer,Raphael Holzhauser,Austria Wien
2217390,71,Alexander Grünwald,De Paula,Austria Wien
2217390,83,Alexander Frank,Marko Kvasina,Austria Wien
2217392,59,Peter Tschernegg,Boris Hüttenbrenner,Wolfsberger AC
2217392,73,Peter Žulj,Manuel Kerhe,Wolfsberger AC
2217392,86,Hervé Oussalé,Jacobo,Wolfsberger AC
2217392,64,Issiaka Ouédraogo,Benjamin Sulimani,FC Admira Wacker
2217392,73,René Schicker,Philipp Malicsek,FC Admira Wacker
2217392,81,Christoph Knasmüllner,Lukas Grozurek,FC Admira Wacker
2217393,20,Kristijan Dobras,Dominik Hofbauer,SC Wiener Neustadt
2217393,66,Reinhold Ranftl,Lukas Denner,SC Wiener Neustadt
2217393,77,Daniel Maderner,Tobias Kainz,SC Wiener Neustadt
2217393,60,Dieter Elsneg,Patrick Möschl,SV Ried
2217393,72,Michele Polverino,Thomas Murg,SV Ried
2217393,84,Thomas Fröschl,Clemens Walch,SV Ried
2217389,46,Philipp Schobesberger,Dominik Wydra,Rapid Wien
2217389,84,Philipp Prosenik,Steffen Hofmann,Rapid Wien
2217389,90,Deni Alar,Florian Kainz,Rapid Wien
2217389,66,Lukas Gugganig,Stefan Ilsanker,RB Salzburg
2217389,72,Massimo Bruno,Valon Berisha,RB Salzburg
2217389,76,Nils Quaschner,Jonathan Soriano,RB Salzburg
2217397,58,Thomas Murg,Petar Filipović,SV Ried
2217397,74,Thomas Fröschl,Dieter Elsneg,SV Ried
2217397,85,Jakob Kreuzer,Harald Pichler,SV Ried
2217397,63,Deni Alar,Steffen Hofmann,Rapid Wien
2217397,84,Dominik Starkl,Philipp Schobesberger,Rapid Wien
2217394,67,Massimo Bruno,Valon Berisha,RB Salzburg
2217394,70,Marco Djuricin,Marcel Sabitzer,RB Salzburg
2217394,75,André Ramalho,Christoph Leitgeb,RB Salzburg
2217394,54,Matthias Koch,Kristijan Dobras,SC Wiener Neustadt
2217394,57,Daniel Maderner,Herbert Rauter,SC Wiener Neustadt
2217394,70,Sebastian Wimmer,Philip Hellquist,SC Wiener Neustadt
2217396,66,Daniel Offenbacher,Anel Hadžić,Sturm Graz
2217396,72,Marc Andre Schmerböck,Martin Ehrenreich,Sturm Graz
2217396,86,Josip Tadić,Andreas Gruber,Sturm Graz
2217396,65,Florian Hart,Bernd Gschweidl,SV Grödig
2217396,86,Daniel Schütz,Stefan Nutz,SV Grödig
2217396,90,Maximilian Karner,Lucas Venuto,SV Grödig
2217398,64,René Schicker,Christoph Knasmüllner,FC Admira Wacker
2217398,70,Benjamin Sulimani,Eldis Bajrami,FC Admira Wacker
2217398,76,Markus Lackner,Richard Windbichler,FC Admira Wacker
2217398,46,Patrick Seeger,Ismael Tajouri,SCR Altach
2217398,80,Felix Roth,Lukas Jäger,SCR Altach
2217398,90,Ronald Gërçaliu,Emanuel Schreiner,SCR Altach
2217395,46,Alexander Frank,Daniel Royer,Austria Wien
2217395,76,Raphael Holzhauser,Marko Kvasina,Austria Wien
2217395,82,Michael Endlicher,Thomas Salamon,Austria Wien
2217395,69,Manuel Kerhe,Jacobo,Wolfsberger AC
2217395,80,Tadej Trdina,Peter Žulj,Wolfsberger AC
2217395,90,Silvio,Manuel Seidl,Wolfsberger AC
2217399,68,Takumi Minamino,Valentino Lazaro,RB Salzburg
2217399,71,Marco Djuricin,Marcel Sabitzer,RB Salzburg
2217399,78,Massimo Bruno,Valon Berisha,RB Salzburg
2217399,70,Julius Perstaller,Michele Polverino,SV Ried
2217399,85,Thomas Fröschl,Dieter Elsneg,SV Ried
2217399,90,Jakob Kreuzer,Marcel Ziegl,SV Ried
2217400,65,Steffen Hofmann,Deni Alar,Rapid Wien
2217400,85,Dominik Starkl,Florian Kainz,Rapid Wien
2217400,90,Philipp Prosenik,Thanos Petsos,Rapid Wien
2217400,36,Christoph Schösswendter,Markus Wostry,FC Admira Wacker
2217400,46,Stephan Auer,Lukas Grozurek,FC Admira Wacker
2217400,73,Benjamin Sulimani,Markus Lackner,FC Admira Wacker
2217401,52,Tadej Trdina,Manuel Seidl,Wolfsberger AC
2217401,74,Jacobo,Peter Žulj,Wolfsberger AC
2217401,83,Manuel Kerhe,Christopher Wernitznig,Wolfsberger AC
2217401,63,Daniel Schütz,Bernd Gschweidl,SV Grödig
2217401,63,Tomi,Timo Brauer,SV Grödig
2217401,75,Simon Handle,Marvin Potzmann,SV Grödig
2217402,29,Sebastian Wimmer,Christoph Freitag,SC Wiener Neustadt
2217402,65,Herbert Rauter,Philip Hellquist,SC Wiener Neustadt
2217402,78,Mario Pollhammer,Reinhold Ranftl,SC Wiener Neustadt
2217402,35,Andreas Gruber,Anel Hadžić,Sturm Graz
2217402,46,Josip Tadić,Wilson Kamavuaka,Sturm Graz
2217402,81,Daniel Beichler,Christian Klem,Sturm Graz
2217403,64,Philipp Netzer,Ismael Tajouri,SCR Altach
2217403,64,Lukas Jäger,Felix Roth,SCR Altach
2217403,68,Martin Kobras,Andreas Lukse,SCR Altach
2217403,46,Alexander Gorgon,Daniel Royer,Austria Wien
2217403,57,Marko Kvasina,Alexander Frank,Austria Wien
2217403,70,Raphael Holzhauser,Alexander Grünwald,Austria Wien
2217408,55,Tadej Trdina,René Seebacher,Wolfsberger AC
2217408,55,Peter Tschernegg,Boris Hüttenbrenner,Wolfsberger AC
2217408,85,Christopher Wernitznig,Silvio,Wolfsberger AC
2217408,23,Emanuel Schreiner,Philipp Netzer,SCR Altach
2217408,52,Lukas Jäger,Hannes Aigner,SCR Altach
2217408,75,Patrick Seeger,Ismael Tajouri,SCR Altach
2217404,24,Philipp Huspek,Daniel Schütz,SV Grödig
2217404,58,Thomas Goiginger,Simon Handle,SV Grödig
2217404,80,Bernd Gschweidl,Timo Brauer,SV Grödig
2217404,70,Massimo Bruno,Valentino Lazaro,RB Salzburg
2217404,80,Takumi Minamino,Valon Berisha,RB Salzburg
2217404,85,Marco Djuricin,Marcel Sabitzer,RB Salzburg
2217405,54,James Holland,Raphael Holzhauser,Austria Wien
2217405,61,Marco Meilinger,Markus Suttner,Austria Wien
2217405,72,Daniel Royer,De Paula,Austria Wien
2217405,63,Matthias Koch,Christoph Freitag,SC Wiener Neustadt
2217405,63,Herbert Rauter,Daniel Maderner,SC Wiener Neustadt
2217405,81,Michael Tieber,Lukas Denner,SC Wiener Neustadt
2217409,46,Thomas Weber,Thomas Ebner,FC Admira Wacker
2217409,77,Patrick Wessely,Benjamin Sulimani,FC Admira Wacker
2217409,83,Markus Lackner,Philipp Malicsek,FC Admira Wacker
2217409,46,Julius Perstaller,Dieter Elsneg,SV Ried
2217409,65,Thomas Fröschl,Thomas Reifeltshammer,SV Ried
2217409,75,Jakob Kreuzer,Denis Thomalla,SV Ried
2217407,62,Daniel Beichler,Donis Avdijaj,Sturm Graz
2217407,75,Daniel Offenbacher,Andreas Gruber,Sturm Graz
2217407,75,Brian Behrendt,Steffen Hofmann,Rapid Wien
2217407,80,Dominik Starkl,Florian Kainz,Rapid Wien
2217407,83,Philipp Prosenik,Robert Berić,Rapid Wien
2217411,56,Marco Meilinger,Thomas Salamon,Austria Wien
2217411,70,Raphael Holzhauser,Alexander Grünwald,Austria Wien
2217411,80,Daniel Royer,Marko Kvasina,Austria Wien
2217411,58,Josip Tadić,Andreas Gruber,Sturm Graz
2217411,58,Donis Avdijaj,Daniel Beichler,Sturm Graz
2217411,90,Danijel Klaric,Thorsten Schick,Sturm Graz
2217410,71,Takumi Minamino,Valon Berisha,RB Salzburg
2217410,75,Christian Schwegler,Andreas Ulmer,RB Salzburg
2217410,80,Marco Djuricin,André Ramalho,RB Salzburg
2217410,69,Christoph Knasmüllner,Philipp Malicsek,FC Admira Wacker
2217410,80,Lukas Grozurek,Issiaka Ouédraogo,FC Admira Wacker
2217410,89,Markus Blutsch,Richard Windbichler,FC Admira Wacker
2217412,53,Harald Pichler,Petar Filipović,SV Ried
2217412,70,Thomas Burghuber,Julius Perstaller,SV Ried
2217412,85,Thomas Fröschl,Clemens Walch,SV Ried
2217412,46,Peter Tschernegg,Michael Sollbauer,Wolfsberger AC
2217412,60,Tadej Trdina,Silvio,Wolfsberger AC
2217412,80,René Seebacher,Christopher Wernitznig,Wolfsberger AC
2217413,61,Osman Ali,Conor OBrien,SC Wiener Neustadt
2217413,69,Daniel Maderner,Kristijan Dobras,SC Wiener Neustadt
2217413,84,Michael Tieber,Tobias Kainz,SC Wiener Neustadt
2217413,64,Sandro Djuric,Robert Völkl,SV Grödig
2217413,80,Thomas Goiginger,Tomi,SV Grödig
2217413,88,Maximilian Karner,Stefan Nutz,SV Grödig
2217414,46,Ismael Tajouri,Emanuel Schreiner,SCR Altach
2217414,77,Darko Bodul,Hannes Aigner,SCR Altach
2217414,82,Ronald Gërçaliu,César Ortiz,SCR Altach
2217414,66,Philipp Prosenik,Brian Behrendt,Rapid Wien
2217414,85,Deni Alar,Florian Kainz,Rapid Wien
2217414,88,Srđan Grahovac,Steffen Hofmann,Rapid Wien
2217419,64,Patrick Seeger,Darko Bodul,SCR Altach
2217419,82,Emanuel Schreiner,Ismael Tajouri,SCR Altach
2217419,88,Martí Riverola,Louis NGwat-Mahop,SCR Altach
2217419,68,Takumi Minamino,Valentino Lazaro,RB Salzburg
2217419,68,Nils Quaschner,Marco Djuricin,RB Salzburg
2217416,65,Daniel Schütz,Lucas Venuto,SV Grödig
2217416,85,Roman Kerschbaum,Sandro Djuric,SV Grödig
2217416,90,Thomas Goiginger,Philipp Huspek,SV Grödig
2217416,46,Bernhard Janeczek,Michele Polverino,SV Ried
2217416,57,Denis Streker,Marcel Ziegl,SV Ried
2217416,81,Julius Perstaller,Thomas Fröschl,SV Ried
2217417,61,Manuel Kerhe,Jacobo,Wolfsberger AC
2217417,78,René Seebacher,Christopher Wernitznig,Wolfsberger AC
2217417,89,Nemanja Rnić,Silvio,Wolfsberger AC
2217417,67,David Schloffer,Martin Ehrenreich,Sturm Graz
2217417,73,Daniel Offenbacher,Simon Piesinger,Sturm Graz
2217417,78,Marc Andre Schmerböck,Andreas Gruber,Sturm Graz
2217418,72,Lukas Grozurek,Eldis Bajrami,FC Admira Wacker
2217418,78,Markus Lackner,Philipp Malicsek,FC Admira Wacker
2217418,81,Thomas Weber,Benjamin Sulimani,FC Admira Wacker
2217418,73,Osman Ali,Kristijan Dobras,SC Wiener Neustadt
2217418,85,Christoph Freitag,Daniel Maderner,SC Wiener Neustadt
2217418,89,Matthias Koch,Herbert Rauter,SC Wiener Neustadt
2217415,74,Brian Behrendt,Stefan Schwab,Rapid Wien
2217415,81,Deni Alar,Florian Kainz,Rapid Wien
2217415,87,Stefan Stangl,Steffen Hofmann,Rapid Wien
2217415,46,James Holland,Raphael Holzhauser,Austria Wien
2217415,56,Daniel Royer,Alexander Grünwald,Austria Wien
2217415,68,Marko Kvasina,Mario Leitgeb,Austria Wien
2217423,60,Julius Perstaller,Thomas Fröschl,SV Ried
2217423,86,Julian Baumgartner,Thomas Murg,SV Ried
2217423,88,Luca Mayr-Fälten,Stefan Lainer,SV Ried
2217423,46,Sebastian Brandner,Martin Kobras,SCR Altach
2217423,46,Patrick Seeger,Ismael Tajouri,SCR Altach
2217423,75,Emanuel Schreiner,Hannes Aigner,SCR Altach
2217421,56,Raphael Holzhauser,Florian Mader,Austria Wien
2217421,68,Marko Kvasina,Philipp Zulechner,Austria Wien
2217421,79,Thomas Salamon,Marco Meilinger,Austria Wien
2217421,61,René Schicker,Issiaka Ouédraogo,FC Admira Wacker
2217421,61,Markus Lackner,Christoph Knasmüllner,FC Admira Wacker
2217421,86,Benjamin Sulimani,Lukas Grozurek,FC Admira Wacker
2217422,64,Andreas Gruber,,Sturm Graz
2217422,79,Makhmadnaim Sharifi,David Schloffer,Sturm Graz
2217422,87,Josip Tadić,Donis Avdijaj,Sturm Graz
2217422,46,Benno Schmitz,Andreas Ulmer,RB Salzburg
2217422,76,Peter Ankersen,Christian Schwegler,RB Salzburg
2217422,82,Valentino Lazaro,Takumi Minamino,RB Salzburg
2217424,67,Lukas Denner,Herbert Rauter,SC Wiener Neustadt
2217424,83,Matthias Koch,Daniel Maderner,SC Wiener Neustadt
2217424,89,Mario Pollhammer,Reinhold Ranftl,SC Wiener Neustadt
2217424,62,Manuel Weber,Boris Hüttenbrenner,Wolfsberger AC
2217424,76,Manuel Kerhe,Silvio,Wolfsberger AC
2217424,82,Michael Berger,Christopher Wernitznig,Wolfsberger AC
2217420,46,Christoph Martschinko,Robert Strobl,SV Grödig
2217420,58,Timo Brauer,Robert Völkl,SV Grödig
2217420,68,Thomas Goiginger,Philipp Huspek,SV Grödig
2217420,68,Steffen Hofmann,Louis Schaub,Rapid Wien
2217420,68,Philipp Schobesberger,Florian Kainz,Rapid Wien
2217420,80,Robert Berić,Philipp Prosenik,Rapid Wien
2217425,30,Massimo Bruno,Valentino Lazaro,RB Salzburg
2217425,68,Valon Berisha,Martin Hinteregger,RB Salzburg
2217425,73,Marco Djuricin,Marcel Sabitzer,RB Salzburg
2217425,54,Peter Tschernegg,Manuel Weber,Wolfsberger AC
2217425,61,Tadej Trdina,Hervé Oussalé,Wolfsberger AC
2217425,73,Manuel Kerhe,René Seebacher,Wolfsberger AC
2217426,63,Louis Schaub,Brian Behrendt,Rapid Wien
2217426,74,Deni Alar,Philipp Schobesberger,Rapid Wien
2217426,86,Philipp Prosenik,Florian Kainz,Rapid Wien
2217426,46,Kristijan Dobras,Lukas Denner,SC Wiener Neustadt
2217426,61,Matthias Koch,Herbert Rauter,SC Wiener Neustadt
2217426,87,Sebastian Wimmer,Daniel Maderner,SC Wiener Neustadt
2217427,57,Clemens Walch,Thomas Fröschl,SV Ried
2217427,64,Denis Streker,Thomas Murg,SV Ried
2217427,77,Oliver Kragl,Dieter Elsneg,SV Ried
2217427,67,Marko Kvasina,Thomas Salamon,Austria Wien
2217427,82,Daniel Royer,Alexander Grünwald,Austria Wien
2217427,90,Christian Ramsebner,Alexander Gorgon,Austria Wien
2217428,46,Markus Lackner,Philipp Malicsek,FC Admira Wacker
2217428,55,Issiaka Ouédraogo,René Schicker,FC Admira Wacker
2217428,77,Benjamin Sulimani,Eldis Bajrami,FC Admira Wacker
2217428,35,Tobias Schützenauer,Christian Gratzei,Sturm Graz
2217428,75,David Schloffer,Josip Tadić,Sturm Graz
2217428,88,Daniel Beichler,Andreas Gruber,Sturm Graz
2217429,64,Patrick Seeger,Darko Bodul,SCR Altach
2217429,75,Patrick Salomon,Louis NGwat-Mahop,SCR Altach
2217429,85,Lukas Jäger,Boris Prokopič,SCR Altach
2217429,63,Daniel Schütz,Philipp Huspek,SV Grödig
2217429,68,Sunday Emmanuel,Stefan Nutz,SV Grödig
2217429,78,Sandro Djuric,Robert Völkl,SV Grödig
2217430,57,Philipp Huspek,Thomas Goiginger,SV Grödig
2217430,57,Stefan Nutz,Sandro Djuric,SV Grödig
2217430,74,Ione Cabrera,Fabio Strauss,SV Grödig
2217430,67,Toni Vastić,Issiaka Ouédraogo,FC Admira Wacker
2217430,74,Thomas Ebner,Philipp Malicsek,FC Admira Wacker
2217432,57,Raphael Holzhauser,Alexander Grünwald,Austria Wien
2217432,62,Philipp Zulechner,Marko Kvasina,Austria Wien
2217432,74,Mario Leitgeb,Florian Mader,Austria Wien
2217432,67,Christian Schwegler,Asger Sørensen,RB Salzburg
2217432,88,Jonathan Soriano,Duje Ćaleta-Car,RB Salzburg
2217433,64,Daniel Beichler,Daniel Offenbacher,Sturm Graz
2217433,86,Makhmadnaim Sharifi,David Schloffer,Sturm Graz
2217433,86,Taisuke Akiyoshi,Sandi Lovrič,Sturm Graz
2217433,67,Thomas Fröschl,Dieter Elsneg,SV Ried
2217433,67,Thomas Murg,Clemens Walch,SV Ried
2217433,77,Bernhard Janeczek,Denis Streker,SV Ried
2217434,59,Tadej Trdina,Manuel Seidl,Wolfsberger AC
2217434,67,Manuel Kerhe,Christopher Wernitznig,Wolfsberger AC
2217434,78,René Seebacher,Peter Tschernegg,Wolfsberger AC
2217434,62,Stefan Schwab,Brian Behrendt,Rapid Wien
2217434,68,Deni Alar,Philipp Schobesberger,Rapid Wien
2217434,80,Srđan Grahovac,Mario Pavelić,Rapid Wien
2217435,56,Herbert Rauter,Matthias Koch,SC Wiener Neustadt
2217435,68,Philip Hellquist,Conor OBrien,SC Wiener Neustadt
2217435,80,Mario Pollhammer,Daniel Maderner,SC Wiener Neustadt
2217435,46,Lukas Jäger,Emanuel Schreiner,SCR Altach
2217435,68,Philipp Netzer,Felix Roth,SCR Altach
2217435,75,Patrick Seeger,Hannes Aigner,SCR Altach
