GameID,Minute,Player,Team,Card
8225157,60,Paolo Guerrero,Flamengo RJ,yellow
8225157,64,Emerson Sheik,Flamengo RJ,yellow
8225157,46,Rithely,Sport Club Recife,red
8225157,89,Serginho,Sport Club Recife,yellow
8225159,28,Lucas Barrios,SE Palmeiras,yellow
8225159,38,Paulo André,Atlético Paranaense,yellow
8225159,39,Wálter,Atlético Paranaense,yellow
8225159,61,Léo,Atlético Paranaense,yellow-red
8225159,74,Nikão,Atlético Paranaense,yellow
8225160,35,Juan Cazares,Atlético Mineiro,yellow
8225160,56,Carlos Eduardo,Atlético Mineiro,yellow
8225160,51,David Braz,Santos FC,yellow
8225160,62,Gustavo Henrique,Santos FC,yellow
8225162,87,Kléber Gladiador,Coritiba FC,yellow
8225162,59,Henrique,Cruzeiro EC,yellow
8225162,67,Lucas França,Cruzeiro EC,yellow-red
8225162,74,Lucas Romero,Cruzeiro EC,red
8225162,88,Léo,Cruzeiro EC,yellow
8225156,65,Leandrinho,Botafogo RJ,yellow
8225156,8,Banguele,São Paulo FC,yellow
8225156,30,Wilder Guisao,São Paulo FC,yellow
8225156,36,Matheus Reis,São Paulo FC,yellow
8225156,67,Lucas Fernandes,São Paulo FC,yellow
8225156,78,Thiago Mendes,São Paulo FC,yellow
8225165,1,Wellington,Santa Cruz FC,yellow
8225165,45,Grafite,Santa Cruz FC,yellow
8225165,83,Tiago Cardoso,Santa Cruz FC,yellow
8225158,73,Fabián Balbuena,Corinthians SP,yellow
8225158,68,Bobô,Grêmio Porto Alegre,yellow
8225158,88,Edinho,Grêmio Porto Alegre,yellow
8225158,89,Marcelo Grohe,Grêmio Porto Alegre,yellow
8225158,90,Henrique Almeida,Grêmio Porto Alegre,yellow
8225163,23,Elicarlos,Figueirense,yellow
8225163,39,Ferrugem,Figueirense,yellow
8225163,5,João Vitor,Ponte Preta,yellow
8225163,16,Ravanelli,Ponte Preta,yellow
8225163,53,Clayson,Ponte Preta,yellow
8225163,56,Kadu,Ponte Preta,yellow
8225163,66,Douglas Grolli,Ponte Preta,yellow
8225161,26,Vitinho,Internacional,yellow
8225161,36,William,Internacional,yellow
8225161,82,Andrigo,Internacional,yellow
8225161,39,Josimar,Chapecoense,yellow
8225161,75,Cléber Santana,Chapecoense,yellow
8225161,80,Thiego,Chapecoense,yellow-red
8225161,89,Gil,Chapecoense,yellow
8225174,49,Wellington Paulista,Ponte Preta,yellow
8225174,79,Matheus Jesus,Ponte Preta,yellow
8225174,84,Thiago Galhardo,Ponte Preta,yellow
8225174,40,Matheus Sales,SE Palmeiras,yellow
8225174,54,Tchê Tchê,SE Palmeiras,yellow
8225174,59,Thiago Martins,SE Palmeiras,yellow
8225174,86,Gabriel Jesus,SE Palmeiras,yellow
8225167,35,Wellington Silva,Fluminense RJ,yellow
8225167,72,Henrique,Fluminense RJ,yellow
8225167,90,Jonathan,Fluminense RJ,yellow
8225167,10,Keno,Santa Cruz FC,yellow
8225167,20,Uillian Correia,Santa Cruz FC,yellow
8225167,59,Tiago Costa,Santa Cruz FC,yellow
8225167,67,Wellington,Santa Cruz FC,yellow
8225167,90,Neris,Santa Cruz FC,yellow
8225170,68,Bruno Viana,Cruzeiro EC,yellow
8225170,72,Juan Sánchez Miño,Cruzeiro EC,yellow
8225170,89,Ariel Cabral,Cruzeiro EC,yellow
8225170,73,Marcos Pedroso,Figueirense,yellow
8225169,23,Victor Ferraz,Santos FC,yellow
8225169,24,Zeca,Santos FC,yellow
8225169,30,Vitor Bueno,Santos FC,yellow
8225169,53,Gustavo Henrique,Santos FC,yellow
8225169,90,Ronaldo Mendes,Santos FC,yellow
8225169,18,Alan Santos,Coritiba FC,yellow
8225169,25,Kléber Gladiador,Coritiba FC,yellow
8225172,36,Eduardo Santos,Atlético Paranaense,yellow
8225172,69,Pablo,Atlético Paranaense,yellow
8225172,70,Hernani,Atlético Paranaense,yellow
8225172,31,Eduardo,Atlético Mineiro,yellow
8225166,11,José Welison,EC Vitória BA,yellow
8225166,27,Diego Renan,EC Vitória BA,yellow
8225166,88,Vander,EC Vitória BA,yellow-red
8225166,89,Amaral,EC Vitória BA,yellow
8225166,90,Norberto Neto,EC Vitória BA,yellow
8225166,15,Fabián Balbuena,Corinthians SP,yellow
8225166,43,Elías,Corinthians SP,yellow
8225166,69,André,Corinthians SP,yellow
8225166,77,Bruno Henrique,Corinthians SP,yellow
8225168,7,Jonathan Calleri,São Paulo FC,yellow
8225168,20,Diego Lugano,São Paulo FC,yellow
8225168,64,Wesley,São Paulo FC,yellow
8225168,70,Húdson,São Paulo FC,yellow
8225168,8,Anselmo,Internacional,yellow
8225168,28,Fernando Bob,Internacional,yellow
8225168,47,Artur,Internacional,yellow
8225168,75,Ernando,Internacional,yellow
8225168,86,Alex,Internacional,red
8225168,90,Eduardo Sasha,Internacional,yellow
8225171,56,Luan,Grêmio Porto Alegre,yellow
8225171,63,Fred,Grêmio Porto Alegre,yellow
8225171,90,Maicon,Grêmio Porto Alegre,yellow
8225171,9,Paolo Guerrero,Flamengo RJ,yellow
8225171,39,Éverton,Flamengo RJ,yellow
8225173,14,Sueliton,América MG,yellow
8225173,39,Danilo Barcelos,América MG,yellow
8225173,75,Artur Jesus,América MG,yellow
8225173,90,Alison,América MG,yellow
8225175,10,Gabriel Xavier,Sport Club Recife,yellow
8225175,38,Durval,Sport Club Recife,yellow
8225175,90,Samuel Xavier,Sport Club Recife,yellow
8225175,18,Bruno Silva,Botafogo RJ,yellow
8225175,21,Luiz Ricardo,Botafogo RJ,yellow
8225176,82,Juan Manuel Salgueiro,Botafogo RJ,yellow
8225176,90,Ribamar,Botafogo RJ,yellow
8225176,79,Eduardo Santos,Atlético Paranaense,yellow
8225176,85,Hernani,Atlético Paranaense,yellow
8225183,25,Elicarlos,Figueirense,yellow
8225183,34,Jaimerson,Figueirense,yellow
8225183,61,Rafael Longuine,Santos FC,yellow
8225183,68,Gustavo Henrique,Santos FC,red
8225183,72,Marquinhos,Santos FC,yellow
8225183,86,Paulinho,Santos FC,yellow
8225177,13,Juan,Flamengo RJ,yellow
8225177,32,Léo Duarte,Flamengo RJ,yellow
8225177,39,Jorge,Flamengo RJ,yellow
8225177,69,Éverton,Flamengo RJ,red
8225177,79,Ederson,Flamengo RJ,yellow
8225177,90,Josimar,Chapecoense,yellow
8225184,14,Rafael Bastos,América MG,yellow
8225184,37,Helder,América MG,yellow
8225184,51,Artur Jesus,América MG,yellow
8225184,64,Tiago Luis,América MG,yellow
8225184,38,Victor Ramos,EC Vitória BA,yellow
8225184,75,Norberto Neto,EC Vitória BA,yellow-red
8225179,72,Thiago Martins,SE Palmeiras,yellow
8225182,42,João Paulo,Coritiba FC,yellow
8225182,85,Negueba,Coritiba FC,yellow
8225182,44,Maicon,São Paulo FC,yellow
8225182,83,Thiago Mendes,São Paulo FC,yellow
8225185,76,Tiago Costa,Santa Cruz FC,yellow
8225185,82,Leó Moura,Santa Cruz FC,yellow
8225185,19,Fábio,Cruzeiro EC,yellow
8225185,39,Bruno Ramires,Cruzeiro EC,yellow
8225185,73,Bruno Rodrigo,Cruzeiro EC,yellow
8225178,50,Vílson,Corinthians SP,yellow
8225178,58,Bruno Henrique,Corinthians SP,yellow
8225178,61,Cristian Baroni,Corinthians SP,yellow
8225178,2,João Carlos,Ponte Preta,yellow
8225178,47,Renê Júnior,Ponte Preta,yellow
8225178,84,Cristian,Ponte Preta,yellow
8225181,23,Vitinho,Internacional,yellow
8225181,33,Eduardo Sasha,Internacional,yellow
8225181,53,Paulão,Internacional,yellow
8225181,33,Vinícius Araújo,Sport Club Recife,yellow
8225180,75,Pablo Diogo,Atlético Mineiro,yellow
8225180,34,Marcelo Oliveira,Grêmio Porto Alegre,yellow
8225180,44,Luan,Grêmio Porto Alegre,yellow
8225180,50,Douglas,Grêmio Porto Alegre,yellow
8225180,70,Marcelo Hermes,Grêmio Porto Alegre,yellow
8225180,84,Maicon,Grêmio Porto Alegre,yellow
8225190,64,Douglas Coutinho,Cruzeiro EC,yellow
8225190,90,Leandro Guerreiro,América MG,yellow
8225192,45,André Lima,Atlético Paranaense,yellow
8225192,67,Thiago Heleno,Atlético Paranaense,yellow
8225192,43,Jaimerson,Figueirense,yellow
8225193,22,Cléber Santana,Chapecoense,yellow
8225193,51,Keno,Santa Cruz FC,yellow
8225193,52,Wallyson,Santa Cruz FC,yellow
8225193,71,Tiago Costa,Santa Cruz FC,yellow
8225193,85,Grafite,Santa Cruz FC,yellow
8225194,35,João Vitor,Ponte Preta,yellow
8225194,90,William Pottker,Ponte Preta,yellow
8225194,31,César,Flamengo RJ,yellow
8225194,62,Fernandinho Silva,Flamengo RJ,yellow-red
8225195,16,Rithely,Sport Club Recife,yellow
8225195,73,Renê,Sport Club Recife,yellow
8225195,39,Guilherme,Corinthians SP,yellow
8225186,14,Diego Renan,EC Vitória BA,yellow
8225186,35,Maicon Silva,EC Vitória BA,yellow
8225186,54,Amaral,EC Vitória BA,yellow
8225186,76,Willian Farias,EC Vitória BA,yellow
8225186,90,Victor Ramos,EC Vitória BA,yellow
8225186,21,Rafael Carioca,Atlético Mineiro,yellow
8225186,34,Lucas Cândido,Atlético Mineiro,yellow
8225186,59,Carlos,Atlético Mineiro,yellow
8225186,70,Edcarlos,Atlético Mineiro,yellow
8225186,88,Capixaba,Atlético Mineiro,yellow
8225186,90,João Figueiredo,Atlético Mineiro,yellow
8225187,50,Richarlison,Fluminense RJ,yellow
8225187,15,Bruno Silva,Botafogo RJ,yellow
8225188,24,Diego Lugano,São Paulo FC,yellow
8225188,29,Alan Kardec,São Paulo FC,yellow
8225188,20,Thiago Santos,SE Palmeiras,yellow
8225188,33,Zé Roberto,SE Palmeiras,yellow
8225188,72,Moisés Mineiro,SE Palmeiras,yellow
8225188,87,Rafael Marques,SE Palmeiras,yellow
8225188,90,Vitor Hugo,SE Palmeiras,yellow
8225189,64,Luiz Felipe,Santos FC,yellow
8225189,35,William,Internacional,yellow
8225191,12,Kléber Gladiador,Coritiba FC,yellow
8225191,22,Rafael Marques,Coritiba FC,yellow
8225191,67,Juninho,Coritiba FC,yellow
8225201,49,Paulão,Internacional,yellow
8225201,53,Anselmo,Internacional,yellow
8225201,65,Fernando Bob,Internacional,yellow
8225201,66,Andrigo,Internacional,yellow
8225201,82,Alex,Internacional,yellow
8225201,81,Ewandro,Atlético Paranaense,yellow
8225201,90,Eduardo Santos,Atlético Paranaense,yellow
8225198,74,Zeca,Santos FC,yellow
8225198,84,Vitor Bueno,Santos FC,yellow
8225202,29,Negueba,Coritiba FC,yellow
8225202,37,Cesar Benitez,Coritiba FC,yellow
8225202,39,Rafael Marques,Coritiba FC,yellow
8225202,39,João Paulo,Coritiba FC,yellow
8225202,69,Vinícius,Coritiba FC,yellow
8225202,45,Bruno Rangel,Chapecoense,yellow
8225202,60,Danilo,Chapecoense,yellow
8225202,66,Cléber Santana,Chapecoense,yellow
8225202,75,Silvinho,Chapecoense,yellow
8225202,89,Gimenez,Chapecoense,yellow
8225205,30,Uillian Correia,Santa Cruz FC,yellow
8225205,41,Alemão,Santa Cruz FC,yellow
8225205,56,Leó Moura,Santa Cruz FC,yellow
8225205,72,Roberto,Santa Cruz FC,yellow-red
8225205,84,Arthur,Santa Cruz FC,yellow
8225205,90,João Paulo,Santa Cruz FC,yellow
8225205,45,Diego Souza,Sport Club Recife,yellow
8225205,70,Serginho,Sport Club Recife,yellow
8225196,29,Anderson Aquino,Botafogo RJ,yellow
8225196,67,Bruno Rodrigo,Cruzeiro EC,yellow
8225196,78,Bruno Viana,Cruzeiro EC,yellow
8225196,84,Marciel,Cruzeiro EC,yellow
8225200,27,Leandro Donizete,Atlético Mineiro,yellow
8225200,43,Patric,Atlético Mineiro,yellow
8225200,45,Edson,Fluminense RJ,yellow
8225200,47,Cícero,Fluminense RJ,yellow
8225200,60,Douglas,Fluminense RJ,yellow
8225200,74,Fred,Fluminense RJ,yellow
8225200,76,Giovanni,Fluminense RJ,yellow
8225203,24,Rafael Moura,Figueirense,yellow
8225203,45,Dudu,Figueirense,yellow
8225203,71,Ganso,São Paulo FC,yellow
8225204,84,Tiago Luis,América MG,yellow
8225204,41,Fábio Ferreira,Ponte Preta,yellow
8225204,73,Jeferson,Ponte Preta,yellow
8225204,84,Roger,Ponte Preta,yellow
8225197,56,Léo Duarte,Flamengo RJ,yellow
8225197,90,Rodinei,Flamengo RJ,yellow
8225197,28,Diego Renan,EC Vitória BA,yellow
8225197,63,Kieza,EC Vitória BA,yellow
8225197,71,Flávio,EC Vitória BA,yellow
8225199,20,Matheus Sales,SE Palmeiras,yellow
8225199,23,Dudu,SE Palmeiras,yellow
8225199,42,Vitor Hugo,SE Palmeiras,yellow
8225199,75,Fernando Prass,SE Palmeiras,yellow
8225199,88,Fabrício,SE Palmeiras,yellow
8225199,40,Marcelo Hermes,Grêmio Porto Alegre,yellow
8225199,68,Bruno Grassi,Grêmio Porto Alegre,yellow
8225199,71,Geromel,Grêmio Porto Alegre,yellow
8225199,83,Lincoln,Grêmio Porto Alegre,yellow
8225212,73,Danny Morais,Santa Cruz FC,yellow
8225212,89,Uillian Correia,Santa Cruz FC,yellow
8225208,19,Cristian Baroni,Corinthians SP,yellow
8225208,29,Fágner,Corinthians SP,yellow
8225208,43,Rafael Marques,Coritiba FC,yellow
8225208,59,Ruy,Coritiba FC,yellow
8225208,66,Negueba,Coritiba FC,yellow
8225208,79,Dodô,Coritiba FC,yellow
8225208,90,Luccas Claro,Coritiba FC,yellow
8225213,46,Hyoran,Chapecoense,yellow
8225213,55,Sérgio Manoel,Chapecoense,yellow
8225213,90,Arthur Maia,Chapecoense,yellow
8225209,61,Thiago Maia,Santos FC,yellow
8225209,30,Leandrinho,Botafogo RJ,yellow
8225214,74,Leandro Guerreiro,América MG,yellow
8225214,90,Roger,América MG,yellow
8225214,34,Bady,Figueirense,yellow
8225214,41,Ferrugem,Figueirense,yellow
8225214,49,Renato Augusto,Figueirense,yellow
8225206,64,Willian Farias,EC Vitória BA,yellow
8225206,31,Paulão,Internacional,yellow
8225206,40,Anselmo,Internacional,yellow
8225206,59,Jair,Internacional,yellow
8225206,61,Eduardo Sasha,Internacional,yellow
8225206,64,Gustavo Ferrareis,Internacional,yellow
8225206,90,Fernando Bob,Internacional,yellow
8225207,70,César,Flamengo RJ,red
8225207,83,Federico Mancuello,Flamengo RJ,yellow
8225207,84,Vitor Hugo,SE Palmeiras,yellow
8225207,90,Cleiton Xavier,SE Palmeiras,yellow
8225211,36,Luan,Grêmio Porto Alegre,yellow
8225211,38,Edílson,Grêmio Porto Alegre,yellow
8225211,71,Lincoln,Grêmio Porto Alegre,red
8225211,38,Reinaldo,Ponte Preta,yellow
8225211,40,Clayson,Ponte Preta,red
8225211,48,João Carlos,Ponte Preta,yellow
8225211,56,Wellington Paulista,Ponte Preta,yellow
8225211,77,Jeferson,Ponte Preta,yellow
8225215,45,Samuel Xavier,Sport Club Recife,yellow
8225215,25,Júnior Urso,Atlético Mineiro,yellow
8225215,75,Gabriel França,Atlético Mineiro,yellow
8225215,79,Marcos Rocha,Atlético Mineiro,yellow
8225210,45,Lucas,Cruzeiro EC,yellow
8225210,87,Duvier Riascos,Cruzeiro EC,yellow
8225221,54,Fernando Bob,Internacional,yellow
8225221,55,Artur,Internacional,yellow
8225221,70,Leandro Guerreiro,América MG,yellow
8225221,75,Helder,América MG,yellow
8225221,90,Osman Júnior,América MG,yellow
8225224,11,Cristian,Ponte Preta,yellow
8225224,26,Thiago Galhardo,Ponte Preta,yellow
8225224,90,William Pottker,Ponte Preta,yellow
8225224,28,Thiego,Chapecoense,yellow
8225224,40,Marcelo,Chapecoense,yellow
8225224,53,Lucas Mineiro,Chapecoense,yellow
8225224,81,Gimenez,Chapecoense,yellow
8225217,49,Jonathan,Fluminense RJ,yellow
8225217,64,Cícero,Fluminense RJ,yellow
8225217,83,Marcos Júnior,Fluminense RJ,yellow
8225217,84,Gum,Fluminense RJ,yellow
8225217,35,Ramiro,Grêmio Porto Alegre,red
8225217,37,Maicon,Grêmio Porto Alegre,yellow
8225217,85,Edílson,Grêmio Porto Alegre,yellow
8225218,51,Bruno,São Paulo FC,yellow
8225218,15,Otavio,Atlético Paranaense,yellow
8225218,50,Sidcley,Atlético Paranaense,yellow
8225216,43,Anderson Aquino,Botafogo RJ,yellow
8225216,50,Aírton,Botafogo RJ,yellow
8225216,85,Sassá,Botafogo RJ,yellow
8225216,55,Marinho,EC Vitória BA,yellow
8225222,45,Kléber Gladiador,Coritiba FC,yellow
8225222,50,João Paulo,Coritiba FC,yellow
8225222,51,Luccas Claro,Coritiba FC,yellow
8225222,68,Dodô,Coritiba FC,yellow
8225222,85,Juan,Coritiba FC,yellow-red
8225222,57,Matheus Ferraz,Sport Club Recife,yellow-red
8225222,62,Ronaldo,Sport Club Recife,yellow
8225222,75,Serginho,Sport Club Recife,yellow
8225222,89,Renê,Sport Club Recife,yellow
8225219,38,Jean,SE Palmeiras,yellow
8225219,59,Zé Roberto,SE Palmeiras,yellow
8225219,76,Edu Dracena,SE Palmeiras,yellow
8225219,88,Moisés Mineiro,SE Palmeiras,yellow
8225219,10,Giovanni Augusto,Corinthians SP,yellow
8225219,26,Cristian Baroni,Corinthians SP,yellow
8225219,32,Felipe Monteiro,Corinthians SP,yellow
8225219,81,Fágner,Corinthians SP,yellow
8225220,5,Robinho,Atlético Mineiro,yellow
8225220,59,Marcos Rocha,Atlético Mineiro,red
8225220,60,Fred,Atlético Mineiro,yellow
8225220,74,Clayton,Atlético Mineiro,yellow
8225220,90,Gabriel França,Atlético Mineiro,yellow
8225220,19,Bruno Viana,Cruzeiro EC,yellow
8225220,21,Alisson,Cruzeiro EC,yellow
8225220,59,Bryan Garcia,Cruzeiro EC,red
8225220,60,Henrique,Cruzeiro EC,yellow
8225220,75,Fábio,Cruzeiro EC,yellow
8225220,78,Lucas,Cruzeiro EC,yellow-red
8225220,79,Fabricio Bruno,Cruzeiro EC,yellow
8225220,90,Lucas Romero,Cruzeiro EC,red
8225223,21,Dudu,Figueirense,yellow
8225223,51,Marquinhos,Figueirense,yellow
8225223,31,Éverton,Flamengo RJ,yellow
8225223,42,Willian Arão,Flamengo RJ,yellow
8225225,70,Wallyson,Santa Cruz FC,yellow
8225225,43,Paulinho,Santos FC,yellow
8225225,55,Zeca,Santos FC,yellow
8225228,36,Bruno,São Paulo FC,yellow
8225228,53,Thiago Mendes,São Paulo FC,yellow
8225228,65,Michel Bastos,São Paulo FC,yellow
8225228,77,Jonathan Calleri,São Paulo FC,yellow
8225228,90,Diego Lugano,São Paulo FC,yellow
8225228,13,Kieza,EC Vitória BA,yellow
8225228,43,Willian Farias,EC Vitória BA,yellow
8225233,37,Lucas Gomes,Chapecoense,yellow
8225233,60,Marcelo,Chapecoense,yellow
8225233,43,Jailson,Grêmio Porto Alegre,yellow
8225233,90,Edílson,Grêmio Porto Alegre,yellow
8225234,27,Pablo,Atlético Paranaense,yellow
8225234,90,Vinicius,Atlético Paranaense,yellow
8225226,14,Renan Fonseca,Botafogo RJ,yellow
8225226,90,Neilton,Botafogo RJ,yellow
8225226,37,João Ricardo,América MG,yellow
8225226,86,Bruno Sávio,América MG,yellow
8225229,59,Gustavo Henrique,Santos FC,yellow
8225229,48,Luiz Antônio,Sport Club Recife,yellow
8225229,68,Edmilson,Sport Club Recife,yellow
8225229,89,Oswaldo,Sport Club Recife,yellow
8225235,62,Neris,Santa Cruz FC,yellow
8225235,68,Tiago Costa,Santa Cruz FC,yellow
8225235,80,Fernando Gabriel,Santa Cruz FC,yellow
8225235,39,Dudu,Figueirense,yellow
8225235,42,Roberto Fernández,Figueirense,red
8225232,27,Ruy,Coritiba FC,yellow
8225232,43,Juninho,Coritiba FC,yellow
8225232,44,Edinho,Coritiba FC,yellow
8225232,58,Luccas Claro,Coritiba FC,yellow
8225232,12,Thiago Santos,SE Palmeiras,yellow
8225232,22,Thiago Martins,SE Palmeiras,yellow
8225232,78,Gabriel Jesus,SE Palmeiras,yellow
8225231,57,Paulão,Internacional,yellow
8225231,89,Aylon,Internacional,yellow
8225231,31,Douglas Santos,Atlético Mineiro,yellow
8225227,76,Douglas,Fluminense RJ,yellow
8225227,90,Maranhão,Fluminense RJ,yellow
8225227,61,Yago,Corinthians SP,yellow-red
8225239,39,Roger Guedes,SE Palmeiras,yellow
8225239,45,Neris,Santa Cruz FC,yellow
8225239,56,João Paulo,Santa Cruz FC,yellow
8225239,67,Mario Sérgio,Santa Cruz FC,yellow
8225239,90,Uillian Correia,Santa Cruz FC,yellow-red
8225242,47,Giovanny,Atlético Paranaense,yellow
8225242,66,Sidcley,Atlético Paranaense,yellow
8225242,82,Renato,Santos FC,yellow
8225244,9,João Paulo,Coritiba FC,yellow
8225244,26,Carlinhos,Coritiba FC,yellow
8225244,61,Juninho,Coritiba FC,yellow
8225236,55,Victor Ramos,EC Vitória BA,yellow
8225236,36,Rafael Bastos,Chapecoense,yellow
8225236,61,Cléber Santana,Chapecoense,yellow
8225236,74,Sérgio Manoel,Chapecoense,yellow
8225236,90,Danilo,Chapecoense,yellow
8225240,19,Jeferson,Ponte Preta,yellow
8225237,33,Marcelo Cirino,Flamengo RJ,yellow
8225237,45,Kelvin,São Paulo FC,yellow
8225237,68,Jonathan Calleri,São Paulo FC,yellow-red
8225237,89,Mateus Caramelo,São Paulo FC,yellow
8225238,49,Fabián Balbuena,Corinthians SP,yellow
8225238,75,André,Corinthians SP,yellow
8225238,32,Fernandes,Botafogo RJ,yellow
8225238,59,Victor Luís,Botafogo RJ,yellow
8225243,71,Rafael Moura,Figueirense,yellow
8225243,86,Ayrton,Figueirense,yellow
8225243,90,Guilherme Queiróz,Figueirense,yellow
8225245,76,Renê,Sport Club Recife,yellow
8225245,90,Samuel Xavier,Sport Club Recife,yellow
8225241,35,Duvier Riascos,Cruzeiro EC,yellow
8225241,77,Bruno Viana,Cruzeiro EC,yellow
8225249,81,Artur Jesus,América MG,yellow
8225254,67,Kadu,Ponte Preta,yellow
8225254,77,Reinaldo,Ponte Preta,yellow
8225254,77,Wellington Paulista,Ponte Preta,yellow
8225254,78,Fábio Ferreira,Ponte Preta,yellow
8225254,70,Giorgian de Arrascaeta,Cruzeiro EC,yellow
8225254,72,Lucas Romero,Cruzeiro EC,yellow
8225254,87,Willian,Cruzeiro EC,yellow
8225254,88,Mayke,Cruzeiro EC,yellow
8225246,63,Ferrugem,Figueirense,yellow
8225255,56,Lelê,Santa Cruz FC,yellow
8225247,83,Giovanni,Fluminense RJ,yellow
8225247,88,Luiz Felipe,Santos FC,yellow
8225250,52,Frickson Erazo,Atlético Mineiro,yellow
8225250,62,Marcos Rocha,Atlético Mineiro,yellow
8225250,90,Leandro Donizete,Atlético Mineiro,yellow
8225250,75,Pedro Henrique,Corinthians SP,yellow
8225253,80,Hyoran,Chapecoense,yellow
8225253,26,Wálter,Atlético Paranaense,yellow
8225253,86,Léo,Atlético Paranaense,yellow
8225251,31,Matheus Bressan,Grêmio Porto Alegre,yellow-red
8225251,42,Ramiro,Grêmio Porto Alegre,yellow
8225251,45,Walace,Grêmio Porto Alegre,yellow
8225251,66,Marcelo Oliveira,Grêmio Porto Alegre,yellow
8225251,21,Victor Ramos,EC Vitória BA,yellow
8225251,25,Dagoberto,EC Vitória BA,yellow
8225251,45,Tiago Real,EC Vitória BA,yellow
8225251,56,Euller,EC Vitória BA,yellow
8225248,78,Edmilson,Sport Club Recife,yellow
8225248,88,Samuel Xavier,Sport Club Recife,yellow
8225252,83,Luccas Claro,Coritiba FC,yellow
8225252,90,Nery Bareiro,Coritiba FC,yellow-red
8225252,26,Eduardo Sasha,Internacional,yellow
8225252,55,Gustavo Ferrareis,Internacional,yellow
8225252,61,Alan Costa,Internacional,yellow
8225252,64,Danilo Fernandes,Internacional,yellow
8225252,87,Vitinho,Internacional,yellow
8225260,72,Bruno Rodrigo,Cruzeiro EC,yellow
8225260,86,Lucas Romero,Cruzeiro EC,yellow
8225260,89,Giorgian de Arrascaeta,Cruzeiro EC,yellow
8225260,90,Bruno Ramires,Cruzeiro EC,yellow
8225260,74,Edu Dracena,SE Palmeiras,yellow
8225260,87,Tchê Tchê,SE Palmeiras,yellow
8225258,33,Uendel,Corinthians SP,yellow
8225258,64,Ángel Romero,Corinthians SP,yellow
8225258,76,Luciano,Corinthians SP,yellow
8225258,90,Lelê,Santa Cruz FC,yellow
8225264,65,Danilo Barcelos,América MG,yellow
8225264,90,Adalberto,América MG,yellow
8225264,90,Borges,América MG,yellow
8225264,29,Clayton,Atlético Mineiro,yellow
8225264,75,Marcos Rocha,Atlético Mineiro,yellow
8225264,90,Leonardo Silva,Atlético Mineiro,yellow
8225256,52,Kanu,EC Vitória BA,yellow
8225256,89,Diego Renan,EC Vitória BA,yellow
8225256,90,Kieza,EC Vitória BA,yellow
8225256,67,Felipe Azevedo,Ponte Preta,yellow
8225256,90,Matheus Jesus,Ponte Preta,yellow
8225257,90,Wellington Silva,Fluminense RJ,yellow
8225259,71,Gabriel Barbosa,Santos FC,yellow
8225259,72,Lucas Lima,Santos FC,yellow
8225259,19,Jonathan Calleri,São Paulo FC,yellow
8225259,71,Húdson,São Paulo FC,yellow
8225259,90,Diego Lugano,São Paulo FC,yellow-red
8225261,41,Geferson,Internacional,yellow
8225261,43,Fabinho,Internacional,red
8225261,45,Ernando,Internacional,yellow
8225261,69,Rodrigo Dourado,Internacional,yellow
8225261,83,Alan Costa,Internacional,yellow
8225261,5,Renan Fonseca,Botafogo RJ,yellow
8225261,66,Sidão,Botafogo RJ,yellow
8225261,82,Gervasio Núñez,Botafogo RJ,yellow
8225262,87,Hernani,Atlético Paranaense,yellow
8225262,90,Ramiro,Grêmio Porto Alegre,red
8225263,43,Dudu,Figueirense,yellow
8225263,69,Jackson,Figueirense,yellow
8225263,90,Elicarlos,Figueirense,yellow
8225263,41,Kléber Gladiador,Coritiba FC,yellow
8225263,62,João Paulo,Coritiba FC,yellow
8225263,86,Leandro,Coritiba FC,yellow
8225263,87,Carlinhos,Coritiba FC,yellow
8225265,33,Rodrigo Mancha,Sport Club Recife,yellow
8225265,41,Gabriel Xavier,Sport Club Recife,yellow
8225265,65,Rithely,Sport Club Recife,yellow
8225265,66,Diego Souza,Sport Club Recife,yellow
8225265,30,Silvinho,Chapecoense,yellow
8225265,41,Lucas Gomes,Chapecoense,yellow
8225266,13,Tiago Real,EC Vitória BA,yellow
8225266,68,Dagoberto,EC Vitória BA,yellow
8225266,90,Nickson,EC Vitória BA,yellow
8225266,90,Vander,EC Vitória BA,yellow
8225266,22,Durval,Sport Club Recife,yellow
8225266,24,Everton Felipe,Sport Club Recife,yellow-red
8225266,67,Reinaldo Lenis,Sport Club Recife,yellow-red
8225266,90,Vinícius Araújo,Sport Club Recife,yellow
8225267,35,Réver,Flamengo RJ,yellow
8225267,45,Fernando Bob,Internacional,yellow
8225271,34,Edílson,Grêmio Porto Alegre,yellow
8225271,75,Douglas,Grêmio Porto Alegre,yellow
8225271,90,Walace,Grêmio Porto Alegre,yellow
8225271,34,Lucas Lima,Santos FC,yellow
8225271,62,Zeca,Santos FC,yellow
8225271,85,Yuri Oliveira,Santos FC,yellow
8225272,32,João Paulo,Coritiba FC,yellow
8225272,43,Leandro,Coritiba FC,yellow
8225272,90,Edinho,Coritiba FC,yellow
8225272,43,Pablo,Atlético Paranaense,yellow
8225272,58,Deivid,Atlético Paranaense,yellow
8225273,44,Gil,Chapecoense,yellow
8225273,72,Ananias,Chapecoense,yellow
8225273,82,Gimenez,Chapecoense,yellow
8225273,88,Rafael Lima,Chapecoense,yellow
8225273,26,Mayke,Cruzeiro EC,yellow
8225273,29,Bryan Garcia,Cruzeiro EC,yellow
8225273,34,Willian,Cruzeiro EC,yellow
8225273,45,Matiás Pisano,Cruzeiro EC,yellow
8225273,65,Lucas,Cruzeiro EC,yellow
8225273,68,Bruno Viana,Cruzeiro EC,yellow
8225268,13,Christian Cueva,São Paulo FC,yellow
8225268,33,Carlinhos,São Paulo FC,yellow
8225268,64,Ganso,São Paulo FC,yellow
8225268,81,Maicon,São Paulo FC,yellow
8225268,21,Cícero,Fluminense RJ,yellow
8225268,72,Giovanni,Fluminense RJ,yellow
8225268,90,Douglas,Fluminense RJ,yellow
8225274,20,Leandro Guerreiro,América MG,yellow
8225274,49,Adalberto,América MG,yellow
8225274,73,Marquinhos Gabriel,Corinthians SP,yellow
8225269,65,Roger Guedes,SE Palmeiras,yellow
8225269,34,Rafael Moura,Figueirense,yellow
8225275,43,Lelê,Santa Cruz FC,yellow
8225275,51,Mario Sérgio,Santa Cruz FC,yellow
8225275,62,Jeferson,Ponte Preta,yellow
8225277,30,Pierre,Fluminense RJ,yellow
8225277,76,Luccas Claro,Coritiba FC,yellow
8225277,80,Carlinhos,Coritiba FC,yellow
8225282,66,Otavio,Atlético Paranaense,yellow
8225282,69,Vinicius,Atlético Paranaense,yellow
8225282,5,Jonas,América MG,yellow
8225282,61,Adalberto,América MG,yellow
8225280,13,Bryan Garcia,Cruzeiro EC,yellow
8225280,47,Lucas Romero,Cruzeiro EC,yellow
8225280,66,Alisson,Cruzeiro EC,yellow
8225280,29,Kanu,EC Vitória BA,yellow
8225280,48,Ramon,EC Vitória BA,yellow-red
8225280,61,Victor Ramos,EC Vitória BA,yellow
8225281,27,Fernando Bob,Internacional,yellow
8225281,41,Artur,Internacional,yellow
8225281,62,Vitinho,Internacional,yellow
8225281,84,Anderson,Internacional,yellow
8225281,41,Luan,Grêmio Porto Alegre,yellow
8225281,55,Rafael Thyere,Grêmio Porto Alegre,yellow
8225281,63,Marcelo Grohe,Grêmio Porto Alegre,yellow
8225281,89,Ramiro,Grêmio Porto Alegre,yellow
8225281,90,Edílson,Grêmio Porto Alegre,yellow
8225276,75,Bruno Silva,Botafogo RJ,yellow
8225276,32,Vitor,Santa Cruz FC,yellow
8225276,68,Marcilio,Santa Cruz FC,yellow
8225276,83,Leandro Lima,Santa Cruz FC,yellow
8225278,71,Guilherme,Corinthians SP,yellow
8225278,85,Pedro Henrique,Corinthians SP,yellow
8225278,45,Ederson,Flamengo RJ,yellow
8225278,58,Márcio Araújo,Flamengo RJ,yellow
8225278,85,Paolo Guerrero,Flamengo RJ,yellow
8225279,66,Jonathan Copete,Santos FC,yellow
8225279,70,Josimar,Chapecoense,yellow
8225284,14,Matheus Jesus,Ponte Preta,yellow
8225284,51,Fábio Ferreira,Ponte Preta,yellow
8225284,56,Renê Júnior,Ponte Preta,yellow
8225284,12,Matheus Reis,São Paulo FC,red
8225284,86,Wesley,São Paulo FC,yellow
8225284,87,Ytalo,São Paulo FC,yellow
8225283,54,Werley,Figueirense,yellow
8225283,55,Jocinei,Figueirense,yellow
8225283,90,Yago,Figueirense,red
8225283,7,Leonardo Silva,Atlético Mineiro,yellow
8225283,58,Fred,Atlético Mineiro,red
8225283,75,Júnior Urso,Atlético Mineiro,yellow
8225283,76,Frickson Erazo,Atlético Mineiro,yellow
8225283,76,Eduardo,Atlético Mineiro,yellow
8225285,44,Matheus Ferraz,Sport Club Recife,yellow
8225285,57,Samuel Xavier,Sport Club Recife,yellow
8225285,71,Agenor,Sport Club Recife,yellow
8225285,84,Rodney Wallace,Sport Club Recife,yellow
8225285,6,Erik,SE Palmeiras,yellow
8225285,45,Yerry Mina,SE Palmeiras,yellow
8225285,57,Gabriel Jesus,SE Palmeiras,yellow
8225285,75,Thiago Santos,SE Palmeiras,yellow
8225285,79,Roger Guedes,SE Palmeiras,yellow
8225292,42,Colin Kâzım-Richards,Coritiba FC,yellow
8225292,23,Aírton,Botafogo RJ,yellow
8225292,82,Fernandes,Botafogo RJ,yellow
8225292,85,Diogo Barbosa,Botafogo RJ,yellow
8225293,90,Thiego,Chapecoense,yellow-red
8225293,33,Luciano,Corinthians SP,yellow
8225294,37,Jeferson,Ponte Preta,yellow
8225294,68,João Vitor,Ponte Preta,yellow
8225294,52,Diego Souza,Sport Club Recife,yellow
8225294,87,Durval,Sport Club Recife,yellow
8225287,70,Pará,Flamengo RJ,yellow
8225287,17,Frickson Erazo,Atlético Mineiro,yellow
8225287,30,Robinho,Atlético Mineiro,yellow
8225287,66,Carlos César,Atlético Mineiro,yellow
8225287,71,Carlos,Atlético Mineiro,yellow
8225291,59,Walace,Grêmio Porto Alegre,yellow
8225291,32,Bady,Figueirense,yellow
8225288,83,Carlinhos,São Paulo FC,yellow
8225288,24,Leandro Guerreiro,América MG,yellow
8225288,36,Osman Júnior,América MG,yellow
8225288,37,Ernandes,América MG,yellow
8225288,47,Victor Rangel,América MG,yellow
8225295,56,Raphinha,Internacional,yellow
8225295,65,Rodrigo Dourado,Internacional,yellow
8225286,32,Euller,EC Vitória BA,yellow
8225286,75,Kanu,EC Vitória BA,yellow
8225286,90,Marinho,EC Vitória BA,yellow
8225286,34,William Matheus,Fluminense RJ,yellow
8225286,64,Wellington Silva,Fluminense RJ,yellow
8225286,80,Maranhão,Fluminense RJ,yellow
8225286,90,Cícero,Fluminense RJ,yellow
8225290,79,Giorgian de Arrascaeta,Cruzeiro EC,yellow
8225290,17,Wéverton,Atlético Paranaense,yellow
8225290,24,Wanderson,Atlético Paranaense,yellow
8225290,35,Vinicius,Atlético Paranaense,yellow
8225290,90,Marcão,Atlético Paranaense,yellow
8225289,10,Moisés Mineiro,SE Palmeiras,yellow
8225289,18,Erik,SE Palmeiras,yellow
8225289,85,Arouca,SE Palmeiras,yellow
8225289,10,Gabriel Barbosa,Santos FC,yellow
8225289,65,Zeca,Santos FC,yellow
8225296,0,Emerson Santos,Botafogo RJ,yellow
8225296,35,Aírton,Botafogo RJ,yellow
8225296,35,Jorge,Flamengo RJ,yellow
8225296,39,Éverton,Flamengo RJ,yellow
8225296,77,Paolo Guerrero,Flamengo RJ,yellow
8225296,87,Fernandinho Silva,Flamengo RJ,yellow
8225299,38,Thiago Maia,Santos FC,yellow
8225299,79,Gabriel Barbosa,Santos FC,yellow
8225299,90,Zeca,Santos FC,yellow
8225299,25,William Pottker,Ponte Preta,yellow
8225299,84,Wendel,Ponte Preta,yellow
8225304,69,Pablo Barros,América MG,yellow
8225304,90,Gilson,América MG,yellow
8225304,15,Neris,Santa Cruz FC,yellow
8225304,75,Grafite,Santa Cruz FC,yellow
8225297,22,Rafael Sóbis,Cruzeiro EC,yellow
8225297,36,Bruno Ramires,Cruzeiro EC,yellow
8225297,53,Rafinha,Cruzeiro EC,yellow
8225297,73,Edimar,Cruzeiro EC,yellow
8225297,79,Duvier Riascos,Cruzeiro EC,yellow
8225297,88,Bruno Viana,Cruzeiro EC,yellow
8225298,42,Rodriguinho,Corinthians SP,yellow
8225298,52,Fágner,Corinthians SP,yellow
8225298,59,Elías,Corinthians SP,yellow
8225298,17,Christian Cueva,São Paulo FC,yellow
8225298,38,Húdson,São Paulo FC,yellow
8225298,53,Thiago Mendes,São Paulo FC,yellow
8225301,37,Raphinha,Internacional,yellow
8225301,38,Paulão,Internacional,yellow
8225301,90,Ariel Nahuelpán,Internacional,yellow
8225301,90,William,Internacional,yellow
8225301,48,Gabriel Jesus,SE Palmeiras,yellow
8225301,82,Thiago Santos,SE Palmeiras,yellow
8225302,12,Hernani,Atlético Paranaense,yellow
8225302,58,Léo,Atlético Paranaense,yellow
8225302,70,Wéverton,Atlético Paranaense,yellow
8225302,7,Victor Ramos,EC Vitória BA,yellow
8225302,45,Marinho,EC Vitória BA,yellow
8225302,90,Kieza,EC Vitória BA,yellow
8225303,85,Marcos Pedroso,Figueirense,yellow
8225303,19,Gil,Chapecoense,yellow
8225303,38,Ananias,Chapecoense,yellow
8225303,44,Filipe Machado,Chapecoense,yellow
8225303,82,Kempes,Chapecoense,yellow
8225305,48,Jailson,Grêmio Porto Alegre,yellow
8225305,74,Marcelo Oliveira,Grêmio Porto Alegre,yellow
8225305,90,Ramiro,Grêmio Porto Alegre,yellow
8225300,22,Ronaldo Conceiçao,Atlético Mineiro,yellow
8225300,90,Eduardo,Atlético Mineiro,yellow
8225300,5,Edinho,Coritiba FC,yellow
8225300,65,Colin Kâzım-Richards,Coritiba FC,yellow
8225308,34,Uendel,Corinthians SP,yellow
8225308,78,Cássio,Corinthians SP,yellow
8225308,21,Pará,Figueirense,yellow
8225308,23,Dodô,Figueirense,yellow
8225308,34,Werley,Figueirense,yellow
8225308,37,Yago,Figueirense,yellow
8225308,64,Bruno Alves,Figueirense,yellow
8225308,77,Jefferson,Figueirense,yellow
8225315,39,João Paulo,Santa Cruz FC,yellow
8225315,54,Tiago Cardoso,Santa Cruz FC,yellow
8225315,12,Carlinhos,Coritiba FC,yellow
8225309,2,Tchê Tchê,SE Palmeiras,yellow
8225309,56,Carlos César,Atlético Mineiro,yellow
8225309,66,Rafael Carioca,Atlético Mineiro,yellow
8225314,39,Clayson,Ponte Preta,yellow
8225314,67,Matheus Jesus,Ponte Preta,yellow
8225314,90,Reinaldo,Ponte Preta,yellow
8225314,45,Vitinho,Internacional,yellow
8225314,58,Fernando Bob,Internacional,yellow-red
8225314,79,Geferson,Internacional,yellow
8225310,81,Giorgian de Arrascaeta,Cruzeiro EC,yellow
8225310,34,Rodney Wallace,Sport Club Recife,yellow
8225310,75,Magrão,Sport Club Recife,yellow
8225310,77,Serginho,Sport Club Recife,yellow
8225310,81,Rogério,Sport Club Recife,yellow
8225311,22,Diego Lugano,São Paulo FC,yellow
8225311,27,Thiago Mendes,São Paulo FC,yellow
8225311,80,Eugenio Mena,São Paulo FC,yellow-red
8225312,49,Léo,Atlético Paranaense,yellow
8225312,54,Vinicius,Atlético Paranaense,yellow
8225312,83,Wálter,Atlético Paranaense,yellow
8225312,39,Samuel Rosa,Fluminense RJ,yellow
8225312,50,William Matheus,Fluminense RJ,yellow
8225312,53,Gum,Fluminense RJ,yellow
8225312,74,Edson,Fluminense RJ,yellow
8225312,83,Henrique,Fluminense RJ,yellow
8225313,44,Sérgio Manoel,Chapecoense,yellow
8225313,65,Bruno Silva,Botafogo RJ,yellow
8225313,69,Luis Henrique,Botafogo RJ,yellow
8225306,31,José Welison,EC Vitória BA,yellow
8225306,45,Willian Farias,EC Vitória BA,yellow
8225306,45,Dagoberto,EC Vitória BA,yellow
8225306,44,Ricardo Oliveira,Santos FC,yellow
8225306,85,Gustavo Henrique,Santos FC,yellow
8225307,89,Alex Muralha,Flamengo RJ,yellow
8225323,42,Rafael Moura,Figueirense,red
8225323,63,Rafael Silva,Figueirense,yellow
8225323,68,Dodô,Figueirense,yellow
8225323,69,Jackson,Figueirense,yellow
8225323,24,Ramon,EC Vitória BA,yellow
8225323,73,Marinho,EC Vitória BA,yellow
8225323,82,Norberto Neto,EC Vitória BA,yellow
8225323,84,Victor Ramos,EC Vitória BA,yellow-red
8225325,23,Serginho,Sport Club Recife,yellow
8225325,90,Paulo Roberto,Sport Club Recife,yellow
8225325,90,Marcão,Atlético Paranaense,yellow
8225320,24,Leandro Donizete,Atlético Mineiro,yellow
8225320,11,Derley,Santa Cruz FC,yellow
8225320,45,Grafite,Santa Cruz FC,yellow
8225320,73,Uillian Correia,Santa Cruz FC,yellow
8225317,15,Cícero,Fluminense RJ,yellow
8225317,81,Gustavo Scarpa,Fluminense RJ,yellow
8225317,87,Danilinho,Fluminense RJ,yellow
8225317,90,Edson,Fluminense RJ,yellow
8225317,19,Fábio Ferreira,Ponte Preta,yellow
8225317,25,Douglas Grolli,Ponte Preta,yellow
8225317,36,Wendel,Ponte Preta,yellow
8225317,58,Roger,Ponte Preta,yellow
8225317,60,João Vitor,Ponte Preta,yellow
8225317,80,Clayson,Ponte Preta,yellow
8225318,17,Bruno,São Paulo FC,yellow
8225318,69,Christian Cueva,São Paulo FC,yellow
8225318,90,Andrés Chávez,São Paulo FC,yellow
8225318,90,Húdson,São Paulo FC,yellow
8225318,90,Filipe Machado,Chapecoense,yellow
8225319,28,Ricardo Oliveira,Santos FC,yellow
8225319,37,Willian,Cruzeiro EC,yellow
8225321,37,Paulão,Internacional,yellow
8225321,47,Ariel Nahuelpán,Internacional,yellow
8225321,10,André,Corinthians SP,yellow
8225321,51,Yago,Corinthians SP,yellow
8225322,76,Luccas Claro,Coritiba FC,yellow
8225322,28,Paolo Guerrero,Flamengo RJ,yellow
8225322,90,Pará,Flamengo RJ,yellow
8225316,41,Gustavo Canales,Botafogo RJ,yellow
8225316,45,Aírton,Botafogo RJ,yellow
8225316,77,Bruno Silva,Botafogo RJ,yellow
8225316,83,Diogo Barbosa,Botafogo RJ,yellow
8225316,38,Edu Dracena,SE Palmeiras,yellow
8225316,45,Jean,SE Palmeiras,yellow
8225316,52,Vitor Hugo,SE Palmeiras,yellow
8225324,26,Jonas,América MG,yellow
8225324,64,Osman Júnior,América MG,yellow
8225324,51,Maicon,Grêmio Porto Alegre,yellow
8225324,57,Marcelo Oliveira,Grêmio Porto Alegre,yellow
8225324,76,Edílson,Grêmio Porto Alegre,red
8225326,70,Kanu,EC Vitória BA,yellow
8225326,90,Flávio,EC Vitória BA,yellow
8225326,75,Carlinhos,Coritiba FC,yellow
8225335,73,Diego Souza,Sport Club Recife,yellow
8225335,10,Juninho,América MG,yellow
8225335,23,João Ricardo,América MG,yellow
8225335,33,Sueliton,América MG,yellow
8225335,89,Eisner Loboa,América MG,yellow
8225329,82,Caju,Santos FC,yellow
8225329,90,Luiz Felipe,Santos FC,yellow
8225329,83,Éverton,Flamengo RJ,yellow
8225329,88,Rafael Vaz,Flamengo RJ,yellow
8225332,41,Léo,Atlético Paranaense,yellow
8225332,86,Paulo André,Atlético Paranaense,yellow
8225332,89,Lucas Fernandes,Atlético Paranaense,yellow
8225334,62,Wendel,Ponte Preta,yellow
8225334,69,Douglas Grolli,Ponte Preta,yellow
8225334,60,Emerson Santos,Botafogo RJ,yellow
8225334,85,Vinícius Tanque,Botafogo RJ,yellow
8225328,40,Diego Lugano,São Paulo FC,yellow
8225328,45,Julio Buffarini,São Paulo FC,yellow
8225328,9,Maicosuel,Atlético Mineiro,yellow
8225328,90,Rómulo Otero,Atlético Mineiro,yellow
8225331,88,Geromel,Grêmio Porto Alegre,yellow
8225331,39,Danilo Pires,Santa Cruz FC,yellow
8225331,63,Jadson,Santa Cruz FC,yellow
8225331,82,Roberto,Santa Cruz FC,yellow
8225330,73,Fábio,Cruzeiro EC,yellow
8225330,83,Alex,Internacional,yellow
8225333,47,Josimar,Chapecoense,yellow
8225327,11,Pierre,Fluminense RJ,yellow
8225327,21,Renato Chaves,Fluminense RJ,yellow
8225327,71,Wellington Silva,Fluminense RJ,yellow
8225327,1,Bruno Alves,Figueirense,yellow
8225327,35,Jackson,Figueirense,yellow
8225327,51,Carlos Alberto,Figueirense,yellow
8225337,9,Chiquinho,Flamengo RJ,yellow
8225337,43,Willian Arão,Flamengo RJ,yellow
8225337,7,Pablo,Atlético Paranaense,yellow
8225337,35,Léo,Atlético Paranaense,yellow
8225337,62,Santos,Atlético Paranaense,yellow
8225337,87,Hernani,Atlético Paranaense,yellow
8225344,38,Gilson,América MG,yellow
8225344,61,Leandro Guerreiro,América MG,yellow
8225344,45,Lucas Lima,Santos FC,yellow
8225344,79,Vanderlei,Santos FC,red
8225339,90,Tchê Tchê,SE Palmeiras,yellow
8225339,90,Zé Roberto,SE Palmeiras,yellow
8225339,32,Kanu,EC Vitória BA,yellow
8225339,55,Euller,EC Vitória BA,yellow
8225339,80,Victor Ramos,EC Vitória BA,yellow
8225339,89,Marinho,EC Vitória BA,yellow
8225342,28,Juninho,Coritiba FC,yellow
8225342,43,Iago Dias,Coritiba FC,yellow
8225342,85,João Paulo,Coritiba FC,yellow
8225342,90,Kléber Gladiador,Coritiba FC,yellow
8225342,30,Abuda,Ponte Preta,yellow
8225342,50,Antônio Carlos,Ponte Preta,yellow
8225342,90,Thiago Galhardo,Ponte Preta,yellow
8225341,18,Artur,Internacional,yellow
8225341,59,Alan Costa,Internacional,yellow
8225341,66,Paulão,Internacional,yellow
8225341,90,Fabinho,Internacional,yellow
8225341,43,Marcos Júnior,Fluminense RJ,yellow
8225341,61,Wellington Silva,Fluminense RJ,yellow
8225341,68,Douglas,Fluminense RJ,yellow
8225341,87,Henrique,Fluminense RJ,yellow
8225345,90,Derley,Santa Cruz FC,yellow
8225345,10,João Schmidt,São Paulo FC,yellow
8225345,49,Eugenio Mena,São Paulo FC,yellow
8225345,80,Luiz Araujo,São Paulo FC,yellow
8225343,45,Dodô,Figueirense,yellow
8225343,56,Jackson,Figueirense,yellow
8225343,62,Carlos Alberto,Figueirense,yellow
8225343,64,Marcos Pedroso,Figueirense,yellow
8225343,75,Bruno Alves,Figueirense,yellow
8225343,21,Serginho,Sport Club Recife,yellow
8225343,44,Ronaldo Alves,Sport Club Recife,yellow
8225343,62,Everton Felipe,Sport Club Recife,yellow
8225340,79,Lucas Gomes,Chapecoense,yellow
8225338,15,Elías,Corinthians SP,yellow
8225338,42,André,Corinthians SP,yellow
8225338,45,Giovanni Augusto,Corinthians SP,yellow
8225338,72,Yago,Corinthians SP,yellow
8225338,9,Ramón Ábila,Cruzeiro EC,yellow
8225338,39,Rafael Sóbis,Cruzeiro EC,yellow
8225338,90,Lucas,Cruzeiro EC,yellow
8225336,43,Emerson Santos,Botafogo RJ,yellow
8225336,64,Joel Carli,Botafogo RJ,yellow
8225336,74,Aírton,Botafogo RJ,yellow
8225336,31,Maicon,Grêmio Porto Alegre,yellow
8225336,39,Luan,Grêmio Porto Alegre,yellow
8225336,74,Ramiro,Grêmio Porto Alegre,yellow
8225336,77,Edílson,Grêmio Porto Alegre,yellow
8225355,26,Wallace,Sport Club Recife,yellow
8225355,85,Ronaldo Alves,Sport Club Recife,yellow
8225355,29,Éverton,Flamengo RJ,yellow
8225355,58,Willian Arão,Flamengo RJ,yellow
8225355,90,Paolo Guerrero,Flamengo RJ,yellow
8225354,47,João Vitor,Ponte Preta,yellow
8225354,50,Roger,Ponte Preta,yellow
8225354,40,Carlos Alberto,Figueirense,yellow
8225354,68,Ferrugem,Figueirense,yellow
8225347,56,Marcos Júnior,Fluminense RJ,yellow
8225347,90,Cícero,Fluminense RJ,yellow
8225347,29,João Ricardo,América MG,yellow
8225347,56,Juninho,América MG,yellow
8225347,59,Sueliton,América MG,yellow
8225347,64,Danilo Barcelos,América MG,yellow
8225347,67,Jonas,América MG,yellow
8225351,16,Miller Bolaños,Grêmio Porto Alegre,yellow
8225351,35,Edílson,Grêmio Porto Alegre,yellow
8225351,82,Jailson,Grêmio Porto Alegre,yellow
8225351,87,Ramiro,Grêmio Porto Alegre,yellow
8225351,77,Rodriguinho,Corinthians SP,yellow
8225346,56,Kieza,EC Vitória BA,yellow
8225346,55,Danny Morais,Santa Cruz FC,yellow
8225346,59,Luan Peres,Santa Cruz FC,yellow
8225349,50,Luiz Felipe,Santos FC,yellow
8225349,56,Victor Ferraz,Santos FC,yellow
8225349,71,Gustavo Henrique,Santos FC,yellow
8225349,90,Yuri Oliveira,Santos FC,yellow
8225349,50,Fred,Atlético Mineiro,yellow
8225349,71,Victor,Atlético Mineiro,yellow
8225349,74,Rafael Carioca,Atlético Mineiro,yellow
8225349,79,Fábio Santos,Atlético Mineiro,yellow
8225350,32,Robinho,Cruzeiro EC,yellow
8225350,36,Ezequiel,Cruzeiro EC,yellow
8225350,30,Amaral,Coritiba FC,yellow
8225350,60,Luccas Claro,Coritiba FC,yellow
8225350,60,Edinho,Coritiba FC,yellow
8225350,65,Guilherme Parede,Coritiba FC,yellow
8225348,45,Thiago Mendes,São Paulo FC,yellow
8225348,45,Christian Cueva,São Paulo FC,yellow
8225348,58,Bruno Silva,Botafogo RJ,yellow
8225348,90,Sassá,Botafogo RJ,yellow
8225352,8,Léo,Atlético Paranaense,yellow
8225352,34,Hernani,Atlético Paranaense,yellow
8225352,83,Otavio,Atlético Paranaense,yellow
8225352,10,Thiago Santos,SE Palmeiras,yellow
8225352,69,Erik,SE Palmeiras,yellow
8225352,84,Cleiton Xavier,SE Palmeiras,yellow
8225353,42,Gil,Chapecoense,yellow
8225353,3,Vitinho,Internacional,yellow
8225353,68,Fernando Bob,Internacional,yellow
8225364,47,Matheusinho,América MG,yellow
8225364,45,Gimenez,Chapecoense,yellow
8225356,81,Dierson,Botafogo RJ,yellow
8225356,51,Samuel Xavier,Sport Club Recife,yellow
8225356,82,Paulo Roberto,Sport Club Recife,yellow
8225357,54,Leandro Damião,Flamengo RJ,yellow
8225357,90,Federico Mancuello,Flamengo RJ,yellow
8225357,28,Geromel,Grêmio Porto Alegre,yellow
8225360,39,Thiago Heleno,Atlético Paranaense,yellow
8225360,85,Sidcley,Atlético Paranaense,yellow
8225359,2,Rafael Marques,SE Palmeiras,yellow
8225359,77,Thiago Martins,SE Palmeiras,yellow
8225359,90,Thiago Santos,SE Palmeiras,yellow
8225359,5,Fábio Ferreira,Ponte Preta,yellow
8225359,58,Reinaldo,Ponte Preta,yellow
8225359,63,Nino Paraíba,Ponte Preta,yellow
8225359,84,Thiago Galhardo,Ponte Preta,yellow
8225359,85,Aranha,Ponte Preta,yellow
8225359,90,João Vitor,Ponte Preta,yellow
8225361,35,Paulão,Internacional,yellow
8225361,67,Christian Cueva,São Paulo FC,yellow
8225361,89,Julio Buffarini,São Paulo FC,yellow
8225361,90,Maicon,São Paulo FC,yellow
8225365,39,Igor Julião,Fluminense RJ,yellow
8225365,59,Edson,Fluminense RJ,yellow
8225362,38,Neto Berola,Coritiba FC,yellow
8225362,42,Léo Cittadini,Santos FC,yellow
8225362,51,Gustavo Henrique,Santos FC,yellow
8225362,90,Jean Mota,Santos FC,yellow
8225363,28,Ferrugem,Figueirense,yellow
8225363,40,Marquinhos,Figueirense,yellow
8225363,62,Carlos Alberto,Figueirense,yellow-red
8225363,90,Élvis,Figueirense,yellow
8225363,19,Edimar,Cruzeiro EC,yellow
8225363,26,Henrique,Cruzeiro EC,yellow
8225363,45,Giorgian de Arrascaeta,Cruzeiro EC,yellow
8225363,57,Robinho,Cruzeiro EC,yellow
8225363,59,Lucas,Cruzeiro EC,yellow
8225358,55,Fabián Balbuena,Corinthians SP,yellow
8225358,56,Fágner,Corinthians SP,yellow
8225358,34,Marinho,EC Vitória BA,yellow
8225358,44,Diogo Mateus,EC Vitória BA,yellow
8225358,45,Vander,EC Vitória BA,yellow
8225358,78,Kanu,EC Vitória BA,yellow
8225374,36,Roger,Ponte Preta,yellow
8225374,65,Clayson,Ponte Preta,yellow
8225374,19,Fabián Balbuena,Corinthians SP,red
8225374,75,Ángel Romero,Corinthians SP,yellow
8225369,17,Jonathan Copete,Santos FC,yellow
8225369,47,Thiago Maia,Santos FC,yellow
8225369,60,Renato,Santos FC,yellow
8225369,24,Ferrugem,Figueirense,yellow
8225369,90,Werley,Figueirense,yellow
8225370,40,Lucas Romero,Cruzeiro EC,yellow
8225370,57,Ariel Cabral,Cruzeiro EC,yellow
8225370,90,Rafael Sóbis,Cruzeiro EC,yellow
8225370,8,Derley,Santa Cruz FC,yellow
8225370,44,Uillian Correia,Santa Cruz FC,yellow
8225370,90,Keno,Santa Cruz FC,yellow
8225367,7,Douglas,Fluminense RJ,yellow
8225367,37,Wellington Silva,Fluminense RJ,yellow
8225367,51,Cícero,Fluminense RJ,yellow
8225367,81,Marcos Júnior,Fluminense RJ,yellow
8225367,82,Marquinho,Fluminense RJ,yellow
8225367,86,Gum,Fluminense RJ,yellow
8225367,90,Danilinho,Fluminense RJ,yellow
8225367,16,Gabriel Jesus,SE Palmeiras,yellow
8225367,43,Yerry Mina,SE Palmeiras,yellow
8225367,49,Vitor Hugo,SE Palmeiras,yellow
8225367,59,Dudu,SE Palmeiras,yellow
8225367,83,Arouca,SE Palmeiras,yellow
8225368,20,Julio Buffarini,São Paulo FC,yellow
8225368,82,Eugenio Mena,São Paulo FC,yellow
8225368,45,Edinho,Coritiba FC,yellow
8225371,9,Wallace Reis,Grêmio Porto Alegre,yellow
8225371,61,Walace,Grêmio Porto Alegre,yellow
8225371,68,Miller Bolaños,Grêmio Porto Alegre,yellow
8225371,89,Walter Kannemann,Grêmio Porto Alegre,yellow
8225371,14,Lucas Cândido,Atlético Mineiro,yellow
8225371,31,Leonardo Silva,Atlético Mineiro,yellow
8225371,35,Fred,Atlético Mineiro,yellow
8225371,63,Rafael Carioca,Atlético Mineiro,yellow
8225373,10,Alejandro Martinuccio,Chapecoense,yellow
8225373,53,Rafael Lima,Chapecoense,yellow
8225373,68,Josimar,Chapecoense,yellow
8225373,70,Gimenez,Chapecoense,yellow
8225366,43,Vander,EC Vitória BA,yellow
8225366,57,Marcelo,EC Vitória BA,yellow
8225366,84,Kieza,EC Vitória BA,yellow
8225366,83,Osman Júnior,América MG,yellow
8225366,85,Jonas,América MG,yellow
8225366,87,Pablo Barros,América MG,yellow
8225366,88,Alison,América MG,yellow
8225366,90,Gilson,América MG,yellow
8225375,9,Paulo Roberto,Sport Club Recife,yellow
8225375,56,Matheus Ferraz,Sport Club Recife,yellow
8225375,82,Vinícius Araújo,Sport Club Recife,yellow
8225375,90,Apodi,Sport Club Recife,yellow
8225375,15,Fabinho,Internacional,yellow
8225375,33,William,Internacional,yellow
8225375,49,Rodrigo Dourado,Internacional,yellow
8225375,89,Fernando Bob,Internacional,yellow
8225375,90,Ariel Nahuelpán,Internacional,yellow
8225372,19,Thiago Heleno,Atlético Paranaense,yellow
8225372,27,Lucas Fernandes,Atlético Paranaense,yellow
8225372,68,Hernani,Atlético Paranaense,yellow
8225372,28,Diogo Barbosa,Botafogo RJ,yellow
8225372,85,Leandrinho,Botafogo RJ,yellow
8225376,41,Joel Carli,Botafogo RJ,yellow
8225376,52,Bruno Silva,Botafogo RJ,yellow
8225376,75,Victor Luís,Botafogo RJ,yellow
8225376,80,Diego,Botafogo RJ,yellow
8225376,90,Sidão,Botafogo RJ,yellow
8225376,15,Edson,Fluminense RJ,yellow
8225376,54,Pierre,Fluminense RJ,yellow
8225383,68,Ferrugem,Figueirense,yellow
8225383,8,Paulo André,Atlético Paranaense,yellow
8225383,45,Luan,Atlético Paranaense,yellow
8225385,60,Luan Peres,Santa Cruz FC,yellow-red
8225385,73,Jadson,Santa Cruz FC,yellow
8225385,86,Danilo Pires,Santa Cruz FC,yellow
8225385,87,Wellington da Silva,Santa Cruz FC,yellow
8225385,24,Arthur Maia,Chapecoense,yellow
8225385,79,Ananias,Chapecoense,yellow
8225385,88,Josimar,Chapecoense,yellow
8225380,78,Edcarlos,Atlético Mineiro,yellow
8225380,90,Clayton,Atlético Mineiro,yellow
8225380,38,Marcelo,EC Vitória BA,yellow
8225380,40,Fernando Miguel,EC Vitória BA,yellow
8225380,65,Diogo Mateus,EC Vitória BA,yellow
8225380,66,Alípio,EC Vitória BA,yellow
8225380,75,Ramon,EC Vitória BA,yellow
8225377,90,Leandro Damião,Flamengo RJ,yellow
8225377,6,Clayson,Ponte Preta,yellow
8225377,43,Reinaldo,Ponte Preta,yellow
8225377,66,Thiago Galhardo,Ponte Preta,yellow
8225379,45,Gabriel,SE Palmeiras,yellow
8225379,53,Yerry Mina,SE Palmeiras,yellow
8225379,85,Jean,SE Palmeiras,yellow
8225379,53,Andrés Chávez,São Paulo FC,yellow
8225379,84,Eugenio Mena,São Paulo FC,yellow
8225379,90,Lyanco,São Paulo FC,yellow
8225382,23,Iago Dias,Coritiba FC,yellow
8225382,32,Neto Berola,Coritiba FC,yellow
8225382,70,João Paulo,Coritiba FC,yellow
8225378,14,Vílson,Corinthians SP,yellow
8225378,77,Yago,Corinthians SP,yellow
8225378,35,Durval,Sport Club Recife,yellow
8225378,59,Gabriel Xavier,Sport Club Recife,yellow
8225381,18,Anselmo,Internacional,yellow
8225381,60,Fabinho,Internacional,yellow
8225381,89,Eduardo,Internacional,yellow
8225381,90,Luis Seijas,Internacional,yellow
8225381,26,Victor Ferraz,Santos FC,yellow
8225381,30,Ricardo Oliveira,Santos FC,yellow
8225381,45,Lucas Lima,Santos FC,yellow-red
8225381,45,Gustavo Henrique,Santos FC,yellow
8225384,53,Jonas,América MG,yellow
8225384,45,Ramón Ábila,Cruzeiro EC,yellow
8225384,51,Bruno Rodrigo,Cruzeiro EC,yellow
8225386,63,Sherman Cardenas,EC Vitória BA,yellow
8225386,73,Diego Renan,EC Vitória BA,yellow-red
8225386,90,Rafael Vaz,Flamengo RJ,yellow
8225388,11,Thiago Mendes,São Paulo FC,yellow
8225388,59,Kelvin,São Paulo FC,yellow
8225388,9,Dodô,Figueirense,yellow
8225388,61,Jefferson,Figueirense,yellow
8225393,26,Thiego,Chapecoense,yellow
8225393,41,Gil,Chapecoense,yellow
8225393,53,Evandro,Coritiba FC,yellow
8225393,66,Juan,Coritiba FC,yellow
8225393,83,Alan Santos,Coritiba FC,yellow
8225389,30,Jonathan Copete,Santos FC,yellow
8225389,88,Emiliano Vecchio,Santos FC,yellow
8225389,27,Fágner,Corinthians SP,yellow
8225390,41,Ramón Ábila,Cruzeiro EC,yellow
8225390,74,Giorgian de Arrascaeta,Cruzeiro EC,yellow
8225390,88,Willian,Cruzeiro EC,yellow
8225390,90,Lucas Romero,Cruzeiro EC,yellow
8225390,9,Bruno Silva,Botafogo RJ,yellow
8225390,37,Joel Carli,Botafogo RJ,yellow
8225392,49,Aylon,Internacional,yellow
8225392,77,Artur,Internacional,yellow
8225395,55,Luis Ruiz,Sport Club Recife,yellow
8225395,85,Apodi,Sport Club Recife,yellow
8225395,87,Diego Souza,Sport Club Recife,red
8225395,87,Derley,Santa Cruz FC,red
8225391,37,Edílson,Grêmio Porto Alegre,yellow
8225391,52,Walter Kannemann,Grêmio Porto Alegre,yellow
8225391,55,Douglas,Grêmio Porto Alegre,yellow
8225391,61,Walace,Grêmio Porto Alegre,yellow
8225391,62,Edu Dracena,SE Palmeiras,yellow
8225391,85,Gabriel,SE Palmeiras,yellow
8225391,90,Jaílson Santos,SE Palmeiras,yellow
8225394,74,Ravanelli,Ponte Preta,yellow
8225394,86,João Vitor,Ponte Preta,yellow
8225394,90,Ernandes,América MG,yellow
8225387,45,Wellington Silva,Fluminense RJ,yellow
8225387,31,Lucas Pratto,Atlético Mineiro,yellow
8225387,66,Rómulo Otero,Atlético Mineiro,yellow
8225387,75,Edcarlos,Atlético Mineiro,yellow
8225387,90,Carlos César,Atlético Mineiro,yellow
8225396,45,Bruno Silva,Botafogo RJ,yellow
8225396,80,Rodrigo Pimpão,Botafogo RJ,yellow
8225396,36,Jean Mota,Santos FC,yellow
8225403,71,Pablo Barros,América MG,yellow-red
8225403,82,Osman Júnior,América MG,yellow
8225404,30,Douglas Grolli,Ponte Preta,yellow
8225404,84,Matheus Jesus,Ponte Preta,yellow
8225404,25,Marcelo Oliveira,Grêmio Porto Alegre,yellow
8225405,35,Uillian Correia,Santa Cruz FC,yellow
8225405,84,João Paulo,Santa Cruz FC,yellow
8225405,90,Bruno Moraes,Santa Cruz FC,yellow
8225405,42,Léo,Atlético Paranaense,yellow
8225405,43,Luan,Atlético Paranaense,yellow
8225405,71,André Lima,Atlético Paranaense,yellow
8225405,80,Pablo,Atlético Paranaense,yellow
8225399,51,Vitor Hugo,SE Palmeiras,yellow
8225399,69,Gabriel Jesus,SE Palmeiras,yellow
8225399,40,Márcio Araújo,Flamengo RJ,yellow-red
8225402,44,Alan Santos,Coritiba FC,yellow
8225402,81,João Paulo,Coritiba FC,yellow-red
8225402,90,Nery Bareiro,Coritiba FC,yellow
8225402,27,Fágner,Corinthians SP,yellow
8225397,36,Wellington Silva,Fluminense RJ,yellow
8225397,72,Maranhão,Fluminense RJ,yellow
8225397,84,Douglas,Fluminense RJ,yellow
8225397,38,Matheus Biteco,Chapecoense,yellow
8225397,64,Gimenez,Chapecoense,yellow
8225397,86,Thiego,Chapecoense,yellow
8225397,87,Bruno Rangel,Chapecoense,yellow
8225400,40,Magrão,Sport Club Recife,red
8225400,45,Samuel Xavier,Sport Club Recife,yellow
8225398,87,Manoel,Cruzeiro EC,red
8225401,41,Luis Seijas,Internacional,yellow
8225401,56,Nicolás López,Internacional,yellow
8225401,90,Geferson,Internacional,yellow
8225401,33,Euller,EC Vitória BA,yellow
8225401,49,Marinho,EC Vitória BA,yellow
8225401,58,Kieza,EC Vitória BA,yellow
8225401,71,Vander,EC Vitória BA,yellow
8225401,88,Kanu,EC Vitória BA,yellow
8225408,34,Fabián Balbuena,Corinthians SP,yellow
8225408,75,Léo Príncipe,Corinthians SP,yellow-red
8225408,37,Gabriel,SE Palmeiras,yellow
8225408,56,Leandro Pereira,SE Palmeiras,yellow
8225408,83,Moisés Mineiro,SE Palmeiras,yellow
8225408,86,Thiago Santos,SE Palmeiras,yellow
8225407,77,Willian Arão,Flamengo RJ,yellow
8225407,90,Diego,Flamengo RJ,yellow
8225407,28,Bruno Alves,Figueirense,yellow
8225407,48,Ferrugem,Figueirense,yellow
8225407,85,Marcos Pedroso,Figueirense,yellow-red
8225410,90,Lucas,Cruzeiro EC,yellow-red
8225410,45,Fábio Santos,Atlético Mineiro,yellow
8225410,57,Rómulo Otero,Atlético Mineiro,yellow
8225411,42,Edílson,Grêmio Porto Alegre,yellow
8225411,44,Maicon,Grêmio Porto Alegre,yellow
8225411,59,Geromel,Grêmio Porto Alegre,yellow
8225411,77,Walter Kannemann,Grêmio Porto Alegre,yellow
8225411,17,Henrique Dourado,Fluminense RJ,yellow
8225411,45,Wellington Silva,Fluminense RJ,yellow
8225411,67,Pierre,Fluminense RJ,yellow
8225412,52,Léo,Atlético Paranaense,yellow
8225412,78,Dênis,São Paulo FC,yellow
8225413,31,Josimar,Chapecoense,yellow
8225413,90,Filipe Machado,Chapecoense,yellow
8225415,16,Leandro,Coritiba FC,yellow
8225406,19,Marcelo,EC Vitória BA,yellow
8225406,90,Vander,EC Vitória BA,yellow
8225406,23,Dudu Cearense,Botafogo RJ,yellow
8225406,41,Victor Luís,Botafogo RJ,yellow
8225406,57,Diogo Barbosa,Botafogo RJ,yellow
8225406,62,Emerson Silva,Botafogo RJ,yellow
8225406,90,Rodrigo Pimpão,Botafogo RJ,yellow
8225409,84,Luiz Felipe,Santos FC,yellow
8225409,75,Wellington,Santa Cruz FC,yellow
8225414,90,Danilo Barcelos,América MG,yellow
8225414,69,Anselmo,Internacional,yellow
8225414,86,Artur,Internacional,yellow
8225419,49,Dudu,SE Palmeiras,yellow
8225419,49,Moisés Mineiro,SE Palmeiras,yellow
8225419,42,Iago Dias,Coritiba FC,yellow
8225419,50,Nery Bareiro,Coritiba FC,yellow
8225419,54,Edinho,Coritiba FC,yellow
8225425,27,Matheus Ferraz,Sport Club Recife,yellow
8225425,41,Neto,Sport Club Recife,yellow
8225425,90,Vinícius Araújo,Sport Club Recife,yellow
8225425,15,Jonathan Copete,Santos FC,yellow
8225425,74,Elano,Santos FC,yellow-red
8225424,86,Juninho,América MG,yellow
8225424,90,Leandro Guerreiro,América MG,yellow
8225424,68,Joel Carli,Botafogo RJ,yellow
8225424,80,Bruno Silva,Botafogo RJ,yellow
8225424,90,Aírton,Botafogo RJ,yellow
8225422,51,Léo,Atlético Paranaense,yellow
8225422,79,Thiago Heleno,Atlético Paranaense,yellow
8225422,35,Antônio Carlos,Ponte Preta,yellow
8225422,43,João Vitor,Ponte Preta,yellow
8225422,45,Roger,Ponte Preta,yellow
8225422,45,Clayson,Ponte Preta,yellow
8225422,59,William Pottker,Ponte Preta,red
8225422,73,Reinaldo,Ponte Preta,yellow
8225423,77,Rafael Moura,Figueirense,yellow
8225423,53,Matiás Pisano,Santa Cruz FC,yellow
8225423,79,Luan Peres,Santa Cruz FC,yellow
8225423,83,Leó Moura,Santa Cruz FC,yellow
8225423,87,Neris,Santa Cruz FC,yellow
8225423,89,Uillian Correia,Santa Cruz FC,yellow
8225416,28,Marcelo,EC Vitória BA,yellow
8225416,44,Diego Renan,EC Vitória BA,yellow
8225416,58,Zé Eduardo,EC Vitória BA,yellow
8225416,84,Vander,EC Vitória BA,yellow
8225416,8,Húdson,São Paulo FC,yellow
8225416,23,Julio Buffarini,São Paulo FC,yellow
8225416,69,Lyanco,São Paulo FC,yellow
8225417,45,Pará,Flamengo RJ,yellow
8225417,45,Rafael Sóbis,Cruzeiro EC,yellow
8225417,80,Ezequiel,Cruzeiro EC,yellow
8225418,40,Guilherme Arana,Corinthians SP,yellow
8225418,54,Giovanni Augusto,Corinthians SP,yellow
8225418,82,Gustavo,Corinthians SP,yellow
8225418,90,Rodriguinho,Corinthians SP,yellow
8225418,44,Henrique,Fluminense RJ,yellow
8225418,67,Gum,Fluminense RJ,yellow
8225418,75,Pierre,Fluminense RJ,yellow
8225421,68,Walace,Grêmio Porto Alegre,yellow
8225421,74,Marcelo Grohe,Grêmio Porto Alegre,yellow
8225421,76,Danilo,Chapecoense,yellow
8225421,89,Josimar,Chapecoense,yellow
8225420,69,Rafael Carioca,Atlético Mineiro,yellow
8225420,78,Clayton,Atlético Mineiro,yellow
8225420,45,Fernando Bob,Internacional,yellow
8225420,74,Alex,Internacional,yellow
8225427,80,Cícero,Fluminense RJ,yellow
8225427,43,Durval,Sport Club Recife,yellow
8225427,63,Paulo Roberto,Sport Club Recife,yellow
8225427,84,Wallace,Sport Club Recife,yellow
8225428,21,Christian Cueva,São Paulo FC,yellow
8225428,38,Rodrigo Caio,São Paulo FC,yellow
8225428,85,Wesley,São Paulo FC,yellow
8225428,90,Bruno,São Paulo FC,yellow
8225428,21,Diego,Flamengo RJ,yellow
8225428,79,Leandro Damião,Flamengo RJ,yellow
8225428,90,Jorge,Flamengo RJ,yellow
8225429,48,Lucas Lima,Santos FC,yellow
8225429,68,David Braz,Santos FC,yellow
8225429,45,Wéverton,Atlético Paranaense,yellow
8225433,82,Kempes,Chapecoense,yellow
8225433,77,Fernando Miguel,EC Vitória BA,yellow
8225433,81,Kanu,EC Vitória BA,yellow
8225426,43,Joel Carli,Botafogo RJ,yellow
8225426,56,Victor Luís,Botafogo RJ,yellow
8225426,69,Bruno Silva,Botafogo RJ,yellow
8225426,75,Dudu Cearense,Botafogo RJ,yellow
8225426,25,Fágner,Corinthians SP,yellow
8225426,38,Ángel Romero,Corinthians SP,yellow
8225426,70,Lucca,Corinthians SP,yellow
8225426,75,Marquinhos Gabriel,Corinthians SP,yellow
8225434,36,João Vitor,Ponte Preta,yellow
8225434,45,Wendel,Ponte Preta,yellow
8225434,32,Rómulo Otero,Atlético Mineiro,yellow
8225434,65,Júnior Urso,Atlético Mineiro,yellow
8225430,14,Ramón Ábila,Cruzeiro EC,yellow
8225430,20,Henrique,Cruzeiro EC,yellow
8225430,67,Ariel Cabral,Cruzeiro EC,yellow
8225430,33,Marcelo Oliveira,Grêmio Porto Alegre,yellow
8225430,53,Luan,Grêmio Porto Alegre,yellow
8225430,81,Everton,Grêmio Porto Alegre,yellow
8225431,34,Paulão,Internacional,yellow
8225431,70,Alex,Internacional,yellow
8225431,43,Rafael Moura,Figueirense,yellow
8225431,61,Pará,Figueirense,yellow
8225435,36,Derley,Santa Cruz FC,yellow
8225435,40,Danny Morais,Santa Cruz FC,yellow
8225435,40,Neris,Santa Cruz FC,yellow
8225435,45,Allan Vieira,Santa Cruz FC,yellow
8225435,58,Matiás Pisano,Santa Cruz FC,yellow
8225435,90,Grafite,Santa Cruz FC,yellow
8225435,42,Erik,SE Palmeiras,yellow
8225435,90,Jaílson Santos,SE Palmeiras,yellow
8225435,90,Gabriel Jesus,SE Palmeiras,yellow
8225432,3,Colin Kâzım-Richards,Coritiba FC,yellow
8225432,50,Alan Santos,Coritiba FC,yellow
8225432,34,Jonas,América MG,yellow
8225432,76,Éder Lima,América MG,yellow
8225436,56,Vander,EC Vitória BA,yellow
8225436,70,Kanu,EC Vitória BA,yellow
8225436,73,Willian Farias,EC Vitória BA,yellow
8225436,26,Iago,Grêmio Porto Alegre,yellow
8225436,32,Walter Kannemann,Grêmio Porto Alegre,yellow
8225436,70,Pedro Rocha,Grêmio Porto Alegre,yellow
8225442,14,Thiago Heleno,Atlético Paranaense,yellow
8225442,39,Lucas Fernandes,Atlético Paranaense,yellow
8225442,42,Dener,Chapecoense,yellow
8225442,54,Filipe Machado,Chapecoense,yellow
8225442,90,Gil,Chapecoense,yellow
8225438,79,Leandro Donizete,Atlético Mineiro,yellow-red
8225438,90,Lucas Cândido,Atlético Mineiro,yellow
8225445,29,Michel Bastos,São Paulo FC,yellow
8225445,76,Julio Buffarini,São Paulo FC,yellow
8225441,29,Ernando,Internacional,yellow
8225441,60,William,Internacional,yellow
8225441,8,Juan,Coritiba FC,yellow
8225441,86,Cesar Benitez,Coritiba FC,yellow
8225441,87,Luccas Claro,Coritiba FC,yellow
8225441,90,Leandro,Coritiba FC,yellow
8225440,56,Rafael Sóbis,Cruzeiro EC,yellow
8225440,80,Edimar,Cruzeiro EC,yellow
8225440,48,Elton,Ponte Preta,yellow
8225440,61,Thiago Galhardo,Ponte Preta,yellow
8225437,55,Alan Patrick,Flamengo RJ,yellow
8225437,90,Allan Vieira,Santa Cruz FC,yellow-red
8225443,82,Josa,Figueirense,yellow
8225443,90,Rafael Silva,Figueirense,yellow
8225443,49,Bruno Silva,Botafogo RJ,yellow
8225443,76,Rodrigo Lindoso,Botafogo RJ,yellow
8225444,7,Roger,América MG,yellow
8225444,26,Gilson,América MG,yellow
8225444,55,Fernando Leal,América MG,red
8225444,82,Roger Guedes,SE Palmeiras,yellow
8225453,63,Sérgio Manoel,Chapecoense,yellow
8225453,37,Rogério,Sport Club Recife,yellow
8225453,69,Gabriel Xavier,Sport Club Recife,yellow-red
8225452,37,Nery Bareiro,Coritiba FC,yellow
8225452,64,Cesar Benitez,Coritiba FC,yellow
8225452,85,Walisson Maia,Coritiba FC,yellow
8225452,87,César González,Coritiba FC,yellow
8225452,35,Marquinhos,Figueirense,yellow
8225452,49,Renato Augusto,Figueirense,yellow
8225452,60,Dodô,Figueirense,yellow
8225446,14,Vinícius Tanque,Botafogo RJ,yellow
8225446,51,Joel Carli,Botafogo RJ,yellow
8225446,76,Aírton,Botafogo RJ,yellow
8225446,51,Paulão,Internacional,yellow
8225446,90,William,Internacional,yellow
8225455,8,Neris,Santa Cruz FC,yellow
8225455,90,Marion,Santa Cruz FC,yellow
8225455,63,Marquinhos Gabriel,Corinthians SP,yellow
8225455,84,Willians,Corinthians SP,yellow
8225449,56,Gabriel Jesus,SE Palmeiras,yellow
8225449,20,Ezequiel,Cruzeiro EC,yellow
8225449,27,Ramón Ábila,Cruzeiro EC,yellow
8225449,54,Henrique,Cruzeiro EC,yellow
8225449,61,Rafinha,Cruzeiro EC,yellow
8225454,55,Clayson,Ponte Preta,yellow
8225454,63,Fábio Ferreira,Ponte Preta,yellow
8225454,77,João Vitor,Ponte Preta,yellow
8225454,88,Reinaldo,Ponte Preta,yellow
8225454,62,Willian Farias,EC Vitória BA,yellow
8225454,63,Kieza,EC Vitória BA,yellow
8225447,49,Wellington Silva,Fluminense RJ,yellow
8225447,70,Gustavo Scarpa,Fluminense RJ,yellow
8225447,90,Wellington Silva,Fluminense RJ,yellow
8225447,38,Alan Patrick,Flamengo RJ,yellow
8225447,62,Jorge,Flamengo RJ,yellow
8225447,90,Marcelo Cirino,Flamengo RJ,yellow
8225448,45,Eugenio Mena,São Paulo FC,yellow
8225448,90,Robson,São Paulo FC,yellow
8225448,49,Zeca,Santos FC,yellow
8225448,62,Jonathan Copete,Santos FC,yellow
8225448,89,Luiz Felipe,Santos FC,yellow
8225451,70,Luan,Grêmio Porto Alegre,yellow
8225451,76,Everton,Grêmio Porto Alegre,yellow
8225451,65,Wéverton,Atlético Paranaense,yellow
8225451,70,Hernani,Atlético Paranaense,yellow
8225451,77,Juninho,Atlético Paranaense,yellow
8225456,65,Bruno Silva,Botafogo RJ,yellow
8225456,78,Emerson Silva,Botafogo RJ,yellow
8225456,23,Rafael Carioca,Atlético Mineiro,yellow
8225456,27,Fred,Atlético Mineiro,yellow
8225456,90,Leonardo Silva,Atlético Mineiro,yellow
8225456,90,Victor,Atlético Mineiro,yellow
8225460,90,Lucas Romero,Cruzeiro EC,yellow
8225460,54,Danilo,Chapecoense,yellow
8225460,90,Cléber Santana,Chapecoense,yellow
8225461,45,Paulão,Internacional,yellow
8225461,45,Alex,Internacional,yellow
8225461,82,Vitinho,Internacional,yellow
8225461,53,Paolo Guerrero,Flamengo RJ,yellow
8225462,68,Leandro,Coritiba FC,yellow
8225462,87,Juninho,Coritiba FC,yellow
8225462,90,Iago Dias,Coritiba FC,yellow
8225463,25,Jackson,Figueirense,yellow
8225463,56,Rafael Moura,Figueirense,yellow
8225463,60,Dodô,Figueirense,yellow
8225463,83,Nirley,Figueirense,yellow
8225463,9,Dudu,SE Palmeiras,yellow
8225463,30,Gabriel Jesus,SE Palmeiras,yellow
8225463,85,Vitor Hugo,SE Palmeiras,yellow
8225458,35,Giovanni Augusto,Corinthians SP,yellow
8225458,67,Pedro Henrique,Corinthians SP,yellow
8225458,63,Tony,América MG,yellow
8225464,40,Allan Vieira,Santa Cruz FC,yellow
8225464,45,Arthur,Santa Cruz FC,yellow
8225459,52,Lucas Lima,Santos FC,yellow
8225459,35,Lincoln,Grêmio Porto Alegre,yellow
8225459,50,Guilherme,Grêmio Porto Alegre,yellow
8225459,51,Bruno Grassi,Grêmio Porto Alegre,yellow
8225459,74,Walter Kannemann,Grêmio Porto Alegre,yellow
8225459,78,Maicon,Grêmio Porto Alegre,yellow
8225459,89,Rafael Thyere,Grêmio Porto Alegre,yellow
8225465,11,Matheus Ferraz,Sport Club Recife,yellow
8225465,42,Zé Eduardo,EC Vitória BA,yellow
8225465,46,Kanu,EC Vitória BA,yellow
8225465,79,Amaral,EC Vitória BA,yellow
8225465,83,Marcelo,EC Vitória BA,yellow-red
8225457,22,Wellington Silva,Fluminense RJ,yellow
8225457,30,Dênis,São Paulo FC,yellow
8225457,43,Julio Buffarini,São Paulo FC,yellow
8225457,60,Maicon,São Paulo FC,yellow
8225457,79,Diego Lugano,São Paulo FC,yellow
8225475,33,Joel Carli,Botafogo RJ,yellow
8225475,90,Emerson Santos,Botafogo RJ,yellow
8225468,36,Roger,Ponte Preta,yellow
8225466,45,Zé Eduardo,EC Vitória BA,yellow
8225466,48,José Welison,EC Vitória BA,yellow
8225466,55,Léo,Cruzeiro EC,yellow-red
8225466,83,Manoel,Cruzeiro EC,yellow
8225466,90,Robinho,Cruzeiro EC,yellow
8225467,28,Emerson Sheik,Flamengo RJ,yellow
8225467,61,Réver,Flamengo RJ,yellow
8225467,28,Giovanni Augusto,Corinthians SP,yellow
8225467,62,Rodriguinho,Corinthians SP,yellow
8225467,76,Walter,Corinthians SP,yellow
8225467,77,Guilherme,Corinthians SP,yellow-red
8225469,39,Fabiano,SE Palmeiras,yellow
8225469,90,Thiago Santos,SE Palmeiras,yellow
8225469,90,Jaílson Santos,SE Palmeiras,yellow
8225469,54,Diego Souza,Sport Club Recife,yellow
8225469,83,Luis Ruiz,Sport Club Recife,yellow
8225471,63,Edílson,Grêmio Porto Alegre,red
8225471,49,Anselmo,Internacional,yellow
8225471,64,Vitinho,Internacional,yellow
8225471,67,Rodrigo Dourado,Internacional,red
8225472,42,Kléber Gladiador,Coritiba FC,red
8225472,20,Richarlison,Fluminense RJ,yellow
8225472,29,Douglas,Fluminense RJ,yellow
8225472,48,Henrique,Fluminense RJ,yellow
8225472,90,Giovanni,Fluminense RJ,yellow
8225470,47,Rómulo Otero,Atlético Mineiro,yellow
8225470,57,Clayton,Atlético Mineiro,yellow
8225470,45,Jackson,Figueirense,yellow
8225470,72,Werley,Figueirense,yellow-red
8225470,75,Marquinhos,Figueirense,yellow
8225470,90,Josa,Figueirense,red
8225473,29,Gimenez,Chapecoense,yellow
8225473,53,Thiego,Chapecoense,yellow
8225473,38,Victor Ferraz,Santos FC,yellow
8225473,52,Luiz Felipe,Santos FC,yellow
8225473,88,Vanderlei,Santos FC,yellow
8225485,64,Samuel Xavier,Sport Club Recife,yellow
8225485,67,Rodney Wallace,Sport Club Recife,yellow
8225485,31,Reinaldo,Ponte Preta,yellow
8225485,40,Wendel,Ponte Preta,yellow
8225485,59,Rhayner,Ponte Preta,yellow
8225477,61,Pierre,Fluminense RJ,yellow
8225477,78,Gum,Fluminense RJ,yellow
8225477,90,Douglas,Fluminense RJ,yellow
8225477,25,Victor Ramos,EC Vitória BA,yellow
8225477,29,Marcelo,EC Vitória BA,yellow
8225478,90,Lucca,Corinthians SP,yellow
8225478,74,Gimenez,Chapecoense,yellow
8225478,90,Dener,Chapecoense,yellow
8225480,69,Alex Muralha,Flamengo RJ,yellow
8225482,67,Thiago Heleno,Atlético Paranaense,yellow
8225482,85,Bruno Rodrigo,Cruzeiro EC,yellow
8225476,45,Joel Carli,Botafogo RJ,yellow
8225476,45,Bruno Silva,Botafogo RJ,yellow
8225476,52,Neilton,Botafogo RJ,yellow
8225476,66,Alemão,Botafogo RJ,yellow
8225476,70,Emerson Santos,Botafogo RJ,yellow
8225476,20,Carlinhos,Coritiba FC,yellow
8225476,45,Leandro,Coritiba FC,yellow
8225476,82,Wilson,Coritiba FC,yellow
8225481,41,Eduardo,Internacional,yellow-red
8225481,79,Fabinho,Internacional,yellow
8225481,87,William,Internacional,yellow
8225481,48,Luan Peres,Santa Cruz FC,yellow
8225481,58,João Paulo,Santa Cruz FC,yellow
8225479,71,Lucas Lima,Santos FC,yellow
8225479,74,Zeca,Santos FC,yellow
8225479,81,Ricardo Oliveira,Santos FC,yellow
8225479,84,Fabián Noguera,Santos FC,yellow
8225479,45,Yerry Mina,SE Palmeiras,yellow
8225479,87,Moisés Mineiro,SE Palmeiras,yellow
8225479,90,Gabriel Jesus,SE Palmeiras,yellow
8225483,62,Rafael Moura,Figueirense,yellow
8225483,68,Marquinhos,Figueirense,yellow
8225483,70,Miller Bolaños,Grêmio Porto Alegre,yellow
8225483,90,Marcelo Grohe,Grêmio Porto Alegre,yellow
8225484,31,Eugenio Mena,São Paulo FC,yellow
8225487,64,Réver,Flamengo RJ,yellow
8225487,86,Rafael Vaz,Flamengo RJ,yellow
8225487,90,Emerson Sheik,Flamengo RJ,yellow
8225487,64,Aírton,Botafogo RJ,yellow
8225487,68,Victor Luís,Botafogo RJ,yellow
8225487,89,Sassá,Botafogo RJ,yellow
8225488,17,João Schmidt,São Paulo FC,yellow
8225488,84,Wesley,São Paulo FC,yellow
8225488,88,Luiz Araujo,São Paulo FC,yellow
8225488,14,Vílson,Corinthians SP,yellow
8225488,30,Ángel Romero,Corinthians SP,yellow
8225488,54,Rodriguinho,Corinthians SP,yellow
8225488,90,Fabián Balbuena,Corinthians SP,yellow
8225494,65,Abuda,Ponte Preta,yellow
8225494,20,David Braz,Santos FC,yellow
8225486,59,Marinho,EC Vitória BA,yellow
8225486,90,Victor Ramos,EC Vitória BA,yellow
8225486,90,Fernando Miguel,EC Vitória BA,yellow
8225486,76,Wéverton,Atlético Paranaense,yellow
8225486,85,Nikão,Atlético Paranaense,yellow
8225490,18,Alisson,Cruzeiro EC,yellow
8225490,66,Lucas Romero,Cruzeiro EC,yellow
8225490,44,Claudio Aquino,Fluminense RJ,yellow
8225495,79,Keno,Santa Cruz FC,yellow
8225495,45,Roger,América MG,yellow
8225492,44,Raphael Veiga,Coritiba FC,yellow
8225492,59,Frickson Erazo,Atlético Mineiro,yellow
8225492,90,Leandro Donizete,Atlético Mineiro,yellow
8225492,90,Patric,Atlético Mineiro,yellow
8225493,75,Josimar,Chapecoense,yellow
8225493,27,Marcos Pedroso,Figueirense,yellow-red
8225493,54,Bady,Figueirense,yellow
8225493,79,Rafael Silva,Figueirense,yellow
8225491,27,Negueba,Grêmio Porto Alegre,yellow
8225491,52,Walace,Grêmio Porto Alegre,yellow
8225491,79,Geromel,Grêmio Porto Alegre,yellow
8225491,90,Walter Kannemann,Grêmio Porto Alegre,yellow
8225491,14,Matheus Ferraz,Sport Club Recife,yellow
8225491,64,Neto,Sport Club Recife,yellow
8225491,68,Apodi,Sport Club Recife,yellow
8225497,43,Wellington Silva,Fluminense RJ,yellow
8225497,64,Wellington Silva,Fluminense RJ,yellow
8225497,86,Pierre,Fluminense RJ,yellow
8225497,49,Paulo André,Atlético Paranaense,yellow
8225497,75,Nicolas,Atlético Paranaense,yellow
8225497,84,Otavio,Atlético Paranaense,yellow
8225496,56,Aírton,Botafogo RJ,yellow
8225496,77,Victor Luís,Botafogo RJ,yellow
8225496,79,Leandrinho,Botafogo RJ,yellow
8225496,36,Neto,Chapecoense,yellow
8225502,42,Raphael Veiga,Coritiba FC,yellow
8225502,52,Carlinhos,Coritiba FC,yellow
8225502,90,Dodô,Coritiba FC,yellow
8225502,20,Derley,Santa Cruz FC,yellow
8225502,30,Danny Morais,Santa Cruz FC,yellow
8225503,27,Jackson,Figueirense,yellow
8225503,43,Marquinhos,Figueirense,yellow
8225503,90,Ayrton,Figueirense,yellow
8225503,43,Lucca,Corinthians SP,yellow
8225503,61,Rodriguinho,Corinthians SP,yellow
8225503,90,Giovanni Augusto,Corinthians SP,red
8225504,47,Bruno Sávio,América MG,yellow
8225505,45,Neto,Sport Club Recife,yellow
8225505,75,Luis Ruiz,Sport Club Recife,yellow
8225505,56,Marcos Vinicius,Cruzeiro EC,yellow
8225505,70,Rafael Sóbis,Cruzeiro EC,yellow
8225498,37,Julio Buffarini,São Paulo FC,yellow
8225498,43,Luiz Araujo,São Paulo FC,yellow
8225498,75,Andrés Chávez,São Paulo FC,yellow
8225498,23,Walace,Grêmio Porto Alegre,yellow
8225498,61,Wallace Reis,Grêmio Porto Alegre,yellow
8225499,27,Yuri Oliveira,Santos FC,yellow
8225499,45,Thiago Maia,Santos FC,yellow
8225499,45,Ricardo Oliveira,Santos FC,yellow
8225499,67,Diogo Mateus,EC Vitória BA,yellow
8225500,10,Leandro Donizete,Atlético Mineiro,yellow
8225500,61,Luan,Atlético Mineiro,yellow
8225500,10,Gabriel Jesus,SE Palmeiras,yellow
8225500,20,Vitor Hugo,SE Palmeiras,yellow
8225500,56,Dudu,SE Palmeiras,yellow
8225500,64,Egídio,SE Palmeiras,yellow
8225501,68,Anselmo,Internacional,yellow
8225501,35,Nino Paraíba,Ponte Preta,yellow
8225501,56,William Pottker,Ponte Preta,yellow
8225501,60,Clayson,Ponte Preta,yellow
8225506,20,Diego Renan,EC Vitória BA,yellow
8225506,60,Victor Ramos,EC Vitória BA,yellow
8225506,76,David,EC Vitória BA,yellow
8225506,78,Willian Farias,EC Vitória BA,yellow
8225506,61,Bady,Figueirense,yellow
8225506,67,Yago,Figueirense,yellow
8225509,10,Emerson Silva,Botafogo RJ,yellow
8225509,70,Sassá,Botafogo RJ,yellow
8225509,77,Fernandes,Botafogo RJ,yellow
8225509,90,Joel Carli,Botafogo RJ,yellow
8225509,90,Leandrinho,Botafogo RJ,red
8225510,62,Lucas Romero,Cruzeiro EC,yellow
8225510,70,Henrique,Cruzeiro EC,yellow
8225510,78,Alisson,Cruzeiro EC,yellow
8225510,81,Giorgian de Arrascaeta,Cruzeiro EC,red
8225510,38,Lucas Lima,Santos FC,yellow
8225510,71,Vanderlei,Santos FC,yellow
8225510,90,Jean Mota,Santos FC,yellow
8225511,33,Bruno Teles,América MG,yellow
8225511,63,Christian Sávio,América MG,yellow
8225512,33,Ronaldo,Sport Club Recife,yellow
8225512,45,Rithely,Sport Club Recife,yellow
8225514,30,Wendel,Ponte Preta,yellow
8225514,30,William Pottker,Ponte Preta,yellow
8225514,37,João Vitor,Ponte Preta,yellow
8225514,38,Pierre,Fluminense RJ,yellow
8225514,64,Gustavo Scarpa,Fluminense RJ,yellow
8225514,90,Douglas,Fluminense RJ,yellow-red
8225507,75,Rafael Vaz,Flamengo RJ,yellow
8225507,50,Leandro,Coritiba FC,yellow
8225507,72,Amaral,Coritiba FC,yellow
8225513,39,Neto,Chapecoense,yellow
8225513,78,João Schmidt,São Paulo FC,yellow
8225515,44,Neris,Santa Cruz FC,yellow
8225515,69,Jadson,Santa Cruz FC,yellow-red
8225515,90,Danny Morais,Santa Cruz FC,yellow
8225515,67,Juan Cazares,Atlético Mineiro,red
8225508,29,Marlone,Corinthians SP,yellow
8225508,82,Marciel,Corinthians SP,yellow
8225508,54,Ernando,Internacional,yellow
8225508,77,Anselmo,Internacional,yellow
8225516,22,Dudu Cearense,Botafogo RJ,yellow
8225516,26,Diogo Barbosa,Botafogo RJ,yellow
8225516,45,Aírton,Botafogo RJ,yellow
8225516,65,Neilton,Botafogo RJ,yellow
8225516,87,Camilo,Botafogo RJ,yellow
8225516,20,Douglas Grolli,Ponte Preta,yellow
8225516,25,Rhayner,Ponte Preta,yellow
8225516,38,Clayson,Ponte Preta,red
8225516,78,João Vitor,Ponte Preta,yellow
8225516,90,Aranha,Ponte Preta,yellow
8225524,68,Makton,América MG,red
8225524,83,Ernandes,América MG,yellow
8225524,69,Wallace,Sport Club Recife,yellow
8225524,79,Vinícius Araújo,Sport Club Recife,yellow
8225524,81,Matheus Ferraz,Sport Club Recife,yellow
8225518,20,Camacho,Corinthians SP,yellow
8225518,30,Rodriguinho,Corinthians SP,yellow
8225518,83,Vílson,Corinthians SP,yellow
8225518,32,Lucho González,Atlético Paranaense,yellow
8225518,90,Thiago Heleno,Atlético Paranaense,yellow
8225517,88,Diego,Flamengo RJ,yellow
8225519,68,Fabiano,SE Palmeiras,yellow
8225519,22,Bruno Rangel,Chapecoense,yellow
8225519,41,Marcelo,Chapecoense,yellow
8225520,25,Patric,Atlético Mineiro,yellow
8225520,6,Wellington,São Paulo FC,yellow
8225520,11,Christian Cueva,São Paulo FC,yellow
8225520,36,Eugenio Mena,São Paulo FC,yellow
8225520,68,Julio Buffarini,São Paulo FC,yellow
8225520,82,Luiz Araujo,São Paulo FC,yellow
8225520,90,Thiago Mendes,São Paulo FC,yellow
8225521,41,Luis Seijas,Internacional,yellow
8225521,90,Danilo Fernandes,Internacional,yellow
8225521,90,Ariel Nahuelpán,Internacional,yellow
8225521,29,Bryan Garcia,Cruzeiro EC,yellow
8225521,37,Manoel,Cruzeiro EC,yellow
8225521,64,Rafael,Cruzeiro EC,yellow
8225523,24,Yago,Figueirense,yellow
8225523,37,Bruno Alves,Figueirense,yellow
8225523,62,Lins,Figueirense,yellow
8225523,33,Pierre,Fluminense RJ,yellow
8225523,34,Cícero,Fluminense RJ,yellow
8225523,85,Igor Julião,Fluminense RJ,yellow
8225525,35,Leó Moura,Santa Cruz FC,yellow
8225525,64,Derley,Santa Cruz FC,yellow
8225525,68,Keno,Santa Cruz FC,yellow
8225525,31,Kaio,Grêmio Porto Alegre,yellow
8225525,62,Guilherme,Grêmio Porto Alegre,yellow
8225525,70,Miller Bolaños,Grêmio Porto Alegre,yellow
8225525,85,Wallace,Grêmio Porto Alegre,yellow
8225522,17,Leandro,Coritiba FC,yellow
8225522,34,Nery Bareiro,Coritiba FC,yellow
8225522,53,Yan Sasse,Coritiba FC,yellow
8225522,69,Dodô,Coritiba FC,yellow
8225522,76,Vinícius,Coritiba FC,yellow
8225522,28,Kanu,EC Vitória BA,yellow
8225522,33,Sherman Cardenas,EC Vitória BA,yellow
8225522,45,Willian Farias,EC Vitória BA,yellow
8225522,49,Norberto Neto,EC Vitória BA,yellow
8225522,62,Victor Ramos,EC Vitória BA,yellow
8225522,63,Kieza,EC Vitória BA,yellow
8225526,21,Zé Eduardo,EC Vitória BA,yellow
8225526,39,Alecsandro,SE Palmeiras,yellow
8225526,41,Cleiton Xavier,SE Palmeiras,yellow
8225526,45,Thiago Santos,SE Palmeiras,yellow
8225526,56,Jaílson Santos,SE Palmeiras,yellow
8225526,73,Fabrício,SE Palmeiras,yellow
8225526,85,Matheus Sales,SE Palmeiras,yellow
8225527,72,Marcos Júnior,Fluminense RJ,yellow
8225527,43,Alex,Internacional,yellow
8225528,39,Andrés Chávez,São Paulo FC,yellow
8225528,45,Christian Cueva,São Paulo FC,yellow-red
8225528,41,Derley,Santa Cruz FC,yellow
8225529,15,Juninho,América MG,yellow
8225530,20,Edimar,Cruzeiro EC,yellow
8225530,63,Ezequiel,Cruzeiro EC,yellow
8225530,36,Vílson,Corinthians SP,yellow
8225530,66,Fabián Balbuena,Corinthians SP,yellow
8225530,80,Guilherme,Corinthians SP,yellow
8225530,89,Guilherme Arana,Corinthians SP,yellow
8225531,45,Negueba,Grêmio Porto Alegre,yellow
8225531,71,Jailson,Grêmio Porto Alegre,yellow
8225531,33,Emerson Silva,Botafogo RJ,yellow
8225531,45,Aírton,Botafogo RJ,yellow-red
8225531,45,Sassá,Botafogo RJ,yellow
8225531,90,Rodrigo Pimpão,Botafogo RJ,yellow
8225532,23,Léo,Atlético Paranaense,yellow
8225532,58,Paulo André,Atlético Paranaense,yellow
8225532,36,Juan,Flamengo RJ,yellow
8225532,38,Alex Muralha,Flamengo RJ,yellow
8225532,45,Jorge,Flamengo RJ,yellow
8225532,88,Federico Mancuello,Flamengo RJ,yellow-red
8225532,88,Willian Arão,Flamengo RJ,yellow
8225532,90,Éverton,Flamengo RJ,yellow
8225534,30,Walisson Maia,Coritiba FC,yellow
8225535,18,Durval,Sport Club Recife,yellow
8225535,48,Rogério,Sport Club Recife,yellow
8225535,57,Ronaldo,Sport Club Recife,yellow
8225535,63,Everton Felipe,Sport Club Recife,yellow
8225535,90,Diego Souza,Sport Club Recife,yellow
8225535,8,Dudu,Figueirense,yellow
8225535,58,Jackson,Figueirense,yellow
